-- MySQL dump 10.13  Distrib 8.0.33, for Win64 (x86_64)
--
-- Host: 127.0.0.1    Database: techeasedb
-- ------------------------------------------------------
-- Server version	8.0.33

/*!40101 SET @OLD_CHARACTER_SET_CLIENT=@@CHARACTER_SET_CLIENT */;
/*!40101 SET @OLD_CHARACTER_SET_RESULTS=@@CHARACTER_SET_RESULTS */;
/*!40101 SET @OLD_COLLATION_CONNECTION=@@COLLATION_CONNECTION */;
/*!50503 SET NAMES utf8 */;
/*!40103 SET @OLD_TIME_ZONE=@@TIME_ZONE */;
/*!40103 SET TIME_ZONE='+00:00' */;
/*!40014 SET @OLD_UNIQUE_CHECKS=@@UNIQUE_CHECKS, UNIQUE_CHECKS=0 */;
/*!40014 SET @OLD_FOREIGN_KEY_CHECKS=@@FOREIGN_KEY_CHECKS, FOREIGN_KEY_CHECKS=0 */;
/*!40101 SET @OLD_SQL_MODE=@@SQL_MODE, SQL_MODE='NO_AUTO_VALUE_ON_ZERO' */;
/*!40111 SET @OLD_SQL_NOTES=@@SQL_NOTES, SQL_NOTES=0 */;

--
-- Table structure for table `carrinhousuario`
--

DROP TABLE IF EXISTS `carrinhousuario`;
/*!40101 SET @saved_cs_client     = @@character_set_client */;
/*!50503 SET character_set_client = utf8mb4 */;
CREATE TABLE `carrinhousuario` (
  `id` int NOT NULL AUTO_INCREMENT,
  `id_user` int NOT NULL,
  `id_prod` int NOT NULL,
  `quantidade` int DEFAULT '1',
  PRIMARY KEY (`id`),
  UNIQUE KEY `id_prod` (`id_prod`,`id_user`),
  KEY `id_user_cart_idx` (`id_user`) /*!80000 INVISIBLE */,
  KEY `id_prod_cart_idx` (`id_prod`),
  CONSTRAINT `id_prod_cart` FOREIGN KEY (`id_prod`) REFERENCES `produtos` (`id_prod`),
  CONSTRAINT `id_user_cart` FOREIGN KEY (`id_user`) REFERENCES `usuarios` (`id`)
) ENGINE=InnoDB AUTO_INCREMENT=454 DEFAULT CHARSET=utf8mb4 COLLATE=utf8mb4_0900_ai_ci;
/*!40101 SET character_set_client = @saved_cs_client */;

--
-- Dumping data for table `carrinhousuario`
--

LOCK TABLES `carrinhousuario` WRITE;
/*!40000 ALTER TABLE `carrinhousuario` DISABLE KEYS */;
INSERT INTO `carrinhousuario` VALUES (442,55,33,4),(443,55,36,6),(444,55,4,2);
/*!40000 ALTER TABLE `carrinhousuario` ENABLE KEYS */;
UNLOCK TABLES;

--
-- Table structure for table `duvidas`
--

DROP TABLE IF EXISTS `duvidas`;
/*!40101 SET @saved_cs_client     = @@character_set_client */;
/*!50503 SET character_set_client = utf8mb4 */;
CREATE TABLE `duvidas` (
  `id` int NOT NULL AUTO_INCREMENT,
  `nome` varchar(255) DEFAULT NULL,
  `resposta` text,
  PRIMARY KEY (`id`)
) ENGINE=InnoDB AUTO_INCREMENT=16 DEFAULT CHARSET=utf8mb4 COLLATE=utf8mb4_0900_ai_ci;
/*!40101 SET character_set_client = @saved_cs_client */;

--
-- Dumping data for table `duvidas`
--

LOCK TABLES `duvidas` WRITE;
/*!40000 ALTER TABLE `duvidas` DISABLE KEYS */;
INSERT INTO `duvidas` VALUES (1,'É possível encomendar um periférico que não está disponível no site?','Atualmente, trabalhamos apenas com os produtos listados em nosso catálogo.'),(2,'Existem custos adicionais além do preço dos periféricos e do frete?','Não há custos ocultos. O valor final inclui o preço do produto e o frete.'),(3,'Como surgiu a ideia de criar esse negócio de venda de periféricos?','Nosso objetivo é oferecer periféricos de qualidade a preços acessíveis, conectando entusiastas de tecnologia a ótimos produtos.'),(4,'Como o site protege os dados pessoais e financeiros dos clientes?','Utilizamos criptografia SSL e práticas seguras de armazenamento para proteger as informações dos clientes.'),(5,'Como posso ficar informado sobre as promoções e ofertas do site?','Cadastre-se em nossa newsletter e siga nossas redes sociais para acompanhar novidades e promoções.'),(6,'Qual é o prazo de entrega médio para diferentes regiões do país?','Os prazos variam de acordo com a região, geralmente entre 3 e 10 dias úteis.'),(7,'O site oferece descontos para compras em grande quantidade?','Sim, oferecemos condições especiais para compras em grande volume. Entre em contato para mais informações.'),(8,'Como o site define preços que sejam justos e competitivos?','Monitoramos constantemente o mercado para garantir preços acessíveis e competitivos.'),(9,'Há algum limite mínimo de compra para realizar um pedido?','Não há limite mínimo de compra em nosso site.'),(10,'Quais categorias de periféricos são oferecidas no site?','Oferecemos teclados, mouses, headsets, monitores e outros acessórios para gamers e profissionais.'),(11,'Qual é a visão dos donos para o futuro da empresa?','Nosso objetivo é expandir o catálogo e melhorar a experiência de compra dos clientes.'),(12,'Quais são as opções de pagamento aceitas no site?','Aceitamos boleto bancário e PIX.'),(13,'O site está a quanto tempo em desenvolvimento?','O site está em constante evolução para oferecer sempre a melhor experiência aos usuários.'),(14,'Como o site mantém seu estoque atualizado?','Nosso sistema atualiza automaticamente o estoque com base nas vendas e reposições de fornecedores.'),(15,'Quem são os donos do site?','O site é administrado por uma equipe dedicada por Alisson Cordeiro e Vagner Junior unidos para fornecer a melhor experiência de compra online.');
/*!40000 ALTER TABLE `duvidas` ENABLE KEYS */;
UNLOCK TABLES;

--
-- Table structure for table `enderecos`
--

DROP TABLE IF EXISTS `enderecos`;
/*!40101 SET @saved_cs_client     = @@character_set_client */;
/*!50503 SET character_set_client = utf8mb4 */;
CREATE TABLE `enderecos` (
  `id` int NOT NULL AUTO_INCREMENT,
  `cep` varchar(20) DEFAULT NULL,
  `uf` varchar(2) DEFAULT NULL,
  `localidade` varchar(255) DEFAULT NULL,
  `bairro` varchar(255) DEFAULT NULL,
  `logradouro` varchar(255) DEFAULT NULL,
  `numero` int DEFAULT NULL,
  `complemento` tinytext,
  `tipo` varchar(10) DEFAULT NULL,
  `estado` varchar(45) DEFAULT NULL,
  `id_user` int DEFAULT NULL,
  PRIMARY KEY (`id`),
  KEY `id_user_idx` (`id_user`),
  CONSTRAINT `id_user_fk` FOREIGN KEY (`id_user`) REFERENCES `usuarios` (`id`) ON DELETE SET NULL ON UPDATE SET NULL
) ENGINE=InnoDB AUTO_INCREMENT=7 DEFAULT CHARSET=utf8mb4 COLLATE=utf8mb4_0900_ai_ci;
/*!40101 SET character_set_client = @saved_cs_client */;

--
-- Dumping data for table `enderecos`
--

LOCK TABLES `enderecos` WRITE;
/*!40000 ALTER TABLE `enderecos` DISABLE KEYS */;
INSERT INTO `enderecos` VALUES (1,'83501-320','PR','Almirante Tamandaré','Jardim Monte Santo','Rua São Bartolomeu',9879654,'','Casa','Paraná',55),(2,'83501-320','PR','Almirante Tamandaré','Jardim Monte Santo','Rua São Bartolomeu',9879654,'','Casa','Paraná',55),(3,'83501-320','PR','Almirante Tamandaré','Jardim Monte Santo','Rua São Bartolomeu',9879654,'','Casa','Paraná',55),(4,'83501-320','PR','Almirante Tamandaré','Jardim Monte Santo','Rua São Bartolomeu',9879654,'','Casa','Paraná',55),(5,'83501-320','PR','Almirante Tamandaré','Jardim Monte Santo','Rua São Bartolomeu',846513,'','Trabalho','Paraná',60),(6,'83503-260','PR','Almirante Tamandaré','Parque São Jorge','Rua São Judas Tadeu',71,'Outra casa','Casa','Paraná',61);
/*!40000 ALTER TABLE `enderecos` ENABLE KEYS */;
UNLOCK TABLES;

--
-- Table structure for table `pedidoprodutos`
--

DROP TABLE IF EXISTS `pedidoprodutos`;
/*!40101 SET @saved_cs_client     = @@character_set_client */;
/*!50503 SET character_set_client = utf8mb4 */;
CREATE TABLE `pedidoprodutos` (
  `id` int NOT NULL AUTO_INCREMENT,
  `id_pedido` int DEFAULT NULL,
  `id_prod` int DEFAULT NULL,
  `quantidade` int DEFAULT NULL,
  PRIMARY KEY (`id`),
  KEY `id_pedido_idx` (`id_pedido`),
  KEY `id_prod_idx` (`id_prod`),
  CONSTRAINT `id_pedido` FOREIGN KEY (`id_pedido`) REFERENCES `pedidos` (`id`) ON DELETE SET NULL ON UPDATE SET NULL,
  CONSTRAINT `id_prod` FOREIGN KEY (`id_prod`) REFERENCES `produtos` (`id_prod`)
) ENGINE=InnoDB AUTO_INCREMENT=58 DEFAULT CHARSET=utf8mb4 COLLATE=utf8mb4_0900_ai_ci;
/*!40101 SET character_set_client = @saved_cs_client */;

--
-- Dumping data for table `pedidoprodutos`
--

LOCK TABLES `pedidoprodutos` WRITE;
/*!40000 ALTER TABLE `pedidoprodutos` DISABLE KEYS */;
INSERT INTO `pedidoprodutos` VALUES (6,6,11,1),(7,6,10,2),(8,6,30,1),(9,6,24,2),(10,6,18,1),(11,7,3,1),(12,7,1,1),(13,7,14,2),(14,7,29,1),(15,8,3,1),(16,8,1,1),(17,8,14,2),(18,8,29,1),(19,9,15,1),(20,10,34,3),(21,11,20,1),(22,12,20,1),(23,13,20,1),(24,14,20,1),(25,15,20,1),(26,16,16,1),(27,16,23,1),(28,18,4,2),(29,18,31,3),(30,18,23,2),(31,18,2,2),(32,18,8,5),(33,18,14,3),(34,19,7,2),(35,19,36,2),(36,19,33,1),(37,19,28,1),(38,20,23,1),(39,20,28,1),(40,20,14,1),(41,21,3,1),(42,22,3,1),(43,23,3,1),(44,24,3,1),(45,25,3,1),(46,26,29,1),(47,27,2,1),(48,28,35,1),(49,28,13,1),(50,28,27,1),(51,29,11,2),(52,29,3,2),(53,29,15,1),(54,30,19,3),(55,30,7,5),(56,30,17,1),(57,30,36,1);
/*!40000 ALTER TABLE `pedidoprodutos` ENABLE KEYS */;
UNLOCK TABLES;

--
-- Table structure for table `pedidos`
--

DROP TABLE IF EXISTS `pedidos`;
/*!40101 SET @saved_cs_client     = @@character_set_client */;
/*!50503 SET character_set_client = utf8mb4 */;
CREATE TABLE `pedidos` (
  `id` int NOT NULL AUTO_INCREMENT,
  `id_user` int DEFAULT NULL,
  `data` timestamp NULL DEFAULT CURRENT_TIMESTAMP ON UPDATE CURRENT_TIMESTAMP,
  `valor_total` double DEFAULT NULL,
  `status` enum('Pendente','Processando','Enviado','Entregue','Cancelado') DEFAULT 'Pendente',
  PRIMARY KEY (`id`),
  KEY `id_user_idx` (`id_user`),
  CONSTRAINT `id_user` FOREIGN KEY (`id_user`) REFERENCES `usuarios` (`id`) ON DELETE SET NULL ON UPDATE SET NULL
) ENGINE=InnoDB AUTO_INCREMENT=31 DEFAULT CHARSET=utf8mb4 COLLATE=utf8mb4_0900_ai_ci;
/*!40101 SET character_set_client = @saved_cs_client */;

--
-- Dumping data for table `pedidos`
--

LOCK TABLES `pedidos` WRITE;
/*!40000 ALTER TABLE `pedidos` DISABLE KEYS */;
INSERT INTO `pedidos` VALUES (6,54,'2025-02-12 18:33:36',8887.09,'Pendente'),(7,54,'2025-02-12 18:39:39',102759.96,'Pendente'),(8,54,'2025-02-12 18:40:00',102759.96,'Pendente'),(9,54,'2025-02-12 18:54:09',1192,'Pendente'),(10,54,'2025-02-13 19:59:27',1796.97,'Pendente'),(11,54,'2025-02-13 20:45:09',2399.99,'Pendente'),(12,54,'2025-02-13 20:45:15',2399.99,'Pendente'),(13,54,'2025-02-13 20:50:10',2399.99,'Pendente'),(14,54,'2025-02-13 20:58:47',2399.99,'Pendente'),(15,55,'2025-02-13 21:01:14',2399.99,'Pendente'),(16,55,'2025-02-13 22:19:22',2441.5,'Pendente'),(18,55,'2025-02-13 23:45:33',8349.89,'Pendente'),(19,55,'2025-02-14 01:38:07',50042.17,'Pendente'),(20,57,'2025-02-14 15:14:07',1953.99,'Pendente'),(21,NULL,'2025-02-14 15:31:25',350,'Pendente'),(22,NULL,'2025-02-14 15:31:42',350,'Pendente'),(23,NULL,'2025-02-14 15:32:11',350,'Pendente'),(24,NULL,'2025-02-14 15:32:24',350,'Pendente'),(25,55,'2025-02-14 15:33:23',350,'Pendente'),(26,58,'2025-02-15 14:42:13',99999.99,'Pendente'),(27,55,'2025-02-17 14:59:34',1249.99,'Pendente'),(28,60,'2025-02-21 02:20:16',7215.969999999999,'Pendente'),(29,61,'2025-02-21 02:27:07',2890.18,'Pendente'),(30,55,'2025-02-21 17:52:05',119424.84,'Pendente');
/*!40000 ALTER TABLE `pedidos` ENABLE KEYS */;
UNLOCK TABLES;

--
-- Table structure for table `produtos`
--

DROP TABLE IF EXISTS `produtos`;
/*!40101 SET @saved_cs_client     = @@character_set_client */;
/*!50503 SET character_set_client = utf8mb4 */;
CREATE TABLE `produtos` (
  `id_prod` int NOT NULL AUTO_INCREMENT,
  `nome_prod` varchar(45) DEFAULT NULL,
  `desc_prod` text,
  `valor_prod` double DEFAULT NULL,
  `espec_prod` text,
  `cat_prod` varchar(20) DEFAULT NULL,
  `cod_prod` int DEFAULT NULL,
  `img_prod` varchar(100) DEFAULT NULL,
  `desc_prod_home` varchar(100) DEFAULT NULL,
  PRIMARY KEY (`id_prod`)
) ENGINE=InnoDB AUTO_INCREMENT=86 DEFAULT CHARSET=utf8mb4 COLLATE=utf8mb4_0900_ai_ci;
/*!40101 SET character_set_client = @saved_cs_client */;

--
-- Dumping data for table `produtos`
--

LOCK TABLES `produtos` WRITE;
/*!40000 ALTER TABLE `produtos` DISABLE KEYS */;
INSERT INTO `produtos` VALUES (1,'PC gamer ryzen 7 5700G','O computador Pichau Home HM190 é uma máquina potente e eficiente, projetada para atender às demandas de usuários que buscam desempenho excepcional em diversas tarefas. Equipado com um processador AMD Ryzen 7 5700G, este sistema oferece um poder de processamento impressionante.\r\n\r\nO processador AMD Ryzen 7 5700G é uma peça central poderosa, baseada na arquitetura Zen 3 da AMD. Com 8 núcleos e 16 threads, ele proporciona um desempenho multitarefa excepcional, tornando-se ideal para atividades que exigem grande poder de processamento, como edição de vídeo, renderização 3D e jogos intensivos.',2099.97,'Processador\r\n1 x Processador AMD Ryzen 7 5700G, 8-Core, 16-Threads, 3.8GHz (4.6GHz Turbo), Cache 20MB, AM4, 100-100000263BOX\r\nPlaca mãe\r\n1 x Placa Mae Pichau Alphard A520M-S, DDR4, M-ATX, Socket AM4, Chipset AMD A520, PCH-ALPDA520M-S\r\nMemória\r\n1 x Memoria Mancer Dantalion, 8GB (1x8GB), DDR4, 2666MHz, C19, Preta, MCR-DNL-8GB\r\nArmazenamento\r\n1 x SSD TGT Egon T2, 120GB, Sata III 6GB/s, Leitura 530 MB/s, Gravacao 490 MB/s, TGT-EGNT2-120\r\nFonte\r\n1 x Fonte Mancer Thunder 400W, 80 Plus Bronze, MCR-THR400-BL01-OEM\r\nGabinete\r\n1 x Gabinete Gamer Mancer SideWinder, RGB, Mid-Tower, Lateral de Vidro, Preto, MCR-SDW-RGB01\r\nCabo HDMI\r\n1 x Cabo HDMI Pichau 1.8m, 5001-1A\r\nCabo De Força\r\n1 x Cabo de Força Pichau 1.2m, 3 Pinos, Vermelho, PG-PWC-RD01\r\nKit Teclado e Mouse\r\n1 x Kit Teclado e Mouse Office TGT GR100 V3, ABNT2, 1000DPI, Preto, TGT-GR100-BK03','Dispositivos',17712,'PC_4.png','Velocidade Infinita, Gráficos Deslumbrantes'),(2,'Amd Ryzen 7 5700X','Processador Ryzen 7 5700G AMD 3.8GHz (4.6GHz Max Turbo) AM4 Cooler Wraith Stealth Vídeo integrado - 100-100000263BOX\r\n\r\n\r\nO processador Ryzen 7 5700G da AMD conta com 8 núcleos e 16 threads, garantindo uma excelente capacidade de processamento de dados para programas e jogos que exigem mais de um processador. O Ryzen possui Vídeo Radeon Graphics integrado e conta com Wraith Stealth como solução térmica.',1249.99,'CPU\r\n- Núcleos de CPU: 8\r\n- Threads: 16\r\n- Núcleos de GPU: 8\r\n- Clock básico: 3.8GHz\r\n- Clock de Max Boost: Até 4.6GHz\r\n- Total de Cache L2: 4MB\r\n- Cachê L3 total: 16MB\r\n- Desbloqueado: Sim *\r\n*A garantia do produto da AMD não cobre danos causados por overclocking, mesmo que o hardware e/ou software da AMD seja habilitado para essa função. GD-26\r\n- CMOS: TSMC 7nm FinFET\r\n- Socket: AM4\r\n- Versão PCI Express: PCIe® 3.0\r\n- Solução térmica: Wraith Stealth\r\n- TDP / TDP Padrão: 65W\r\n- cTDP: 45-65W\r\n- Temps máx: 95°C\r\n\r\n\r\nMemória\r\n- Velocidade máxima da memória: Up to 3200MHz\r\n- Tipo de memória: DDR4\r\n- Canais de memória: 2\r\n\r\n\r\nPlaca de vídeo\r\n- Frequência gráfica: 2000 MHz\r\n- Modelo gráfico: Radeon™ Graphics\r\n- Contagem de núcleos gráficos: 8\r\n\r\n\r\nPrincipais recursos\r\n- Display Port: Sim\r\n- HDMI: Sim\r\n\r\n\r\nSuporte de Sistema Operacional\r\n- Edição Windows 10 - 64-Bit\r\n- RHEL x86 64-Bit\r\n-Ubuntu x86 64-Bit\r\n*O suporte ao sistema operacional (SO) poderá variar de acordo com o fabricante.\r\n\r\nGarantia do vendedor: 6 meses','Hardware',444,'process.png','Poder de processamento otimo para multitarefas e jogos.'),(3,'Watercooler Chione','Controle a sincronia dos LEDs nas fans e na bomba pelo software ou pelo controle remoto, com 55 modos de iluminação incluindo Neon-Flex RGB e Multi-cores.\r\nCooler Líquido de fácil instalação e sem necessidade de manutenção, compacto e fácil de instalar. Ambos os lados possuem suporte para os fans.\r\nControladora suporta 6 Fans e 2 fitas LED diretamente com possibilidade para fans adjacentes.\r\nAlta durabilidade por conta dos tubos anti-vazamento que fazem o líquido evaporar em uma taxa baixíssima.\r\nConstrução em Alumínio e Cobre para alta Dissipação de Calor\r\nCompatibilidade com software de sincronização RGB MSI, Gigabyte, ASRock e ASUS\r\n',350,'Dimensões do produto	40L x 20W x 20H centímetros\r\nMarca	GAMDIAS\r\nTipo de conector de energia	3 pinos\r\nTensão	12 Volts\r\nPotência	26.6 watts','Hardware',1822,'water_gambias.png','Refrigeração Líquida para a Vanguarda do Desempenho'),(4,'Water cooler rise mode','Temperatura não será mais problema. O fluído é resfriado por convecção e passa pelo seu processador garantindo assim uma temperatura muito baixa, aumentando seu desempenho e sua vida útil. A placa de base de cobre maximiza a dissipação de calor para oferecer uma qualidade superior de resfriamento.\r\n\r\nO desempenho de sua máquina não depende somente do hardware, já que um processador de última geração pode não atingir seu potencial máximo por conta de sua temperatura. Nesses casos um processador inferior com um bom método de resfriamento pode se sobressair sobre um melhor com resfriamento básico. Com o Water Cooler Rise Mode Black RGB 240mm é possível conseguir a máxima performance de qualquer processador.\r\n\r\nAlém de eficiente é elegante! Controle os fans RGB via software em placas mãe com conexão RGB 12v 4 pin.',289.99,'- Volume de ar: 56,3 CFM\r\n- Nível sonoro: 20 dBA\r\n- Velocidade: 1200-2000 RPM\r\n- Rolamento: Hidráulico\r\n- Tensão: 12V DC\r\n- TDP: 200W\r\n- Conexão RGB: 12V - 4 Pinos (Placa mãe)\r\n- Necessário conexão RGB integrada a motherboard ou Controlador RGB 12V\r\n\r\nSuporte Socket:\r\n- INTEL: LGA 1156/1155/1151/1150/1200/1366/2011\r\n- AMD: FM2+/FM1/AM3+/AM3/AM2/AM4\r\n\r\nAparência:\r\n- Cor: Preto\r\n- Iluminação: RGB (Cores Singulares)\r\n- Fans: 2 fans de 120x120x25mm cada\r\n- Controle dos fans RGB por via software em placas mãe com conexão RGB 12v 4 pin\r\n- Fan RGB com leds de alto brilho de iluminação\r\n\r\nEste Water Cooler ja está pronto para uso, basta apenas instalar. NÃO precisa de líquido de arrefecimento, este já vem no próprio Water Cooler.\r\n','Hardware',262,'water.png','Refrigeração eficiente e sem superaquecimento.'),(5,'Mouse Mancer Lead 2','O Mancer Lead 2 é sua nova arma para uma gameplay mais longa e confortável. Leve e com cabo muito flexível Paracord, permite movimentos mais rápidos, sessões mais longas de jogo e minimiza as lesões causadas por movimentos repetitivos.',145.25,'Marca:	Mancer\r\nModelo:	MCR-LEAM2-RGB01\r\nTipo de mouse:	Óptico\r\nBotões:	Botão esquerdo, scroll, botão direito, botão avançar, botão voltar, DPI e ajuste de luz\r\nTaxa de resposta:	125-250-500-1000 Hz\r\nIC:	PMW3327\r\nTensão operacional:	DC 5.0V\r\nCorrente de trabalho:	IC 75mA\r\nDPI:	1200-2400-3200-6000-8000-12400 DPI\r\nAceleração:	30G\r\nTaxa de quadros:	5000 FPS\r\nVelocidade de rastreamento:	220in/s\r\nEfeitos de luz:	12\r\nSwitch:	Kailh 20M\r\nForça operacional de tecla:	60-70 gf\r\nCodificador:	3M, F Switch\r\nCabo:	Paracord, 1.8m, Φ3.2 mm\r\nPés:	PTFE 0.6 mm\r\nInterface:	USB\r\nPeso:	70±5g\r\nDimensões:	Comprimento: 128 mm\r\nLargura: 70 mm\r\nAltura: 43 mm\r\nConteúdo da embalagem:	1 x Mouse','Acessórios',91292,'mouse_mancer.png','Navegação Veloz, Controle Absoluto.'),(6,'Monitor LG UltraWIDE 26\'','O monitor LG UltraWide 26” tem resolução Full HD (2560x1080) e 33% mais espaço de tela se comparado a outros monitores comuns.\r\nPainel IPS com sRGB 99% E HDR 10 proporciona uma incrível qualidade de imagem com cores impecáveis\r\nMelhore sua expriência de jogo com uma velocidade incrível de resposta de 1ms MBR, que reduz o desfoque e ghosting. Conta com a tecnologia AMD FreeSync, que deixa os movimentos mais fluidos e contínuos em jogos de alte resolução\r\nVocê consegue reagir mais rápido com o Dynamic Action Sync e Black Stabilizer que ajuda os jogadroes a evitar snipers escondidos nos lugares mais escuros\r\nProteja seus olhos com os recursos de Luz Azul Baixa, Modo Leitor e Flicker Safe',749,'Marca	‎LG\r\nFabricante	‎LG\r\nSérie	‎26WQ500-B.AWZM\r\nCertificação	‎Não aplicável\r\nCor	‎Preto\r\nAltura do produto	‎38,53 centímetros\r\nLargura do produto	‎63,57 centímetros\r\nTamanho de tela vertical	‎26 Polegadas\r\nResolução	‎2560 x 1080\r\nTecnologia de conexão	‎HDMI\r\nNúmero de Conexões HDMI	‎1\r\nEtiqueta Nacional de Eficiência Energética (ENCE)	‎A+, B, 85%\r\nFonte de alimentação	‎ac\r\nNúmero de unidades	‎1\r\nPeso do produto	‎5 Kilograms\r\nDimensões do produto	‎21,15 x 63,57 x 38,53 cm; 5 Quilogramas\r\nNúmero do modelo	‎178617\r\nFunciona a bateria ou pilha?	‎Não\r\nEAN	‎7893299919176','Monitores',5484,'monitor_ul.png','Mais Espaço, Mais Possibilidades'),(7,'Pc Gamer Fonecar','Explore o universo dos jogos com o nosso computador gamer equipado com hardware de última geração. O coração deste sistema é o processador Ryzen 5 5600X, com 6 núcleos e 12 threads, oferecendo uma potência de processamento que impulsionará sua experiência de jogo para novos patamares.',22757.1,'Processador: Ryzen 5 5600x\r\n- Núcleos de CPU: 6\r\n- Threads: 12\r\n- Clock básico: 3.7GHz\r\n- Clock de Max Boost: Até 4.6GHz\r\n- Cachê L2 total: 3MB\r\n- Cachê L3 total: 32MB\r\n\r\nPlaca Mãe: A520M\r\n- Socket: AM4\r\n- Formato: Micro ATX\r\n- DDR4\r\n\r\nMemória: 32GB DDR4 3000mhz\r\n- Tipo: DDR4\r\n- Capacidade: 32GB\r\n- Frequência: 3000Mhz\r\n\r\nSSD 500GB\r\n\r\nWatercooler 120mm\r\n\r\nCaracterísticas GPU: RTX3060 8GB\r\n\r\nFonte:\r\n600w 80 Plus\r\n\r\nGabinete:\r\nGabinete Gamer\r\n\r\nOBS: Computador montado com produtos novos. CPU acompanha cabo de força. Pronto para uso.\r\nGarantia de 6 meses com a nossa loja e o restante com o fabricante.\r\n\r\nGarantia do vendedor: 6 meses','Dispositivos',655,'pc.png','Máquina feita para a última geração.'),(8,'Teclado Redragon Lakshmi','Para os gamers que procuram deixar o máximo de espaço possível sobre a mesa, o Redragon Lakshmi vem no layout compacto 60% ABNT2.\r\n\r\nContando com um cabo removível USB-C, o Lakshmi é um modelo muito portátil para aqueles usuários que buscam praticidade na hora levar seus equipamentos.\r\n\r\nSem deixar de lado a qualidade na sua construção, as keycaps do Lakshmi são feitas com o método de double shot injection para a longevidade das marcações.\r\n\r\n ',199.99,'Características:\r\n\r\n- Marca: Redragon\r\n\r\n- Modelo: K606-OG&BK&GY\r\n\r\n- Cor: Preto, Cinza e Laranja\r\n\r\n \r\n\r\nEspecificações:\r\n\r\n \r\n\r\n- Switches: Redragon MK II\r\n\r\n- Acionamento: Mecânico\r\n\r\n- DIY: Sim\r\n\r\n- COR: Laranja, Preto e Cinza\r\n\r\n- Formato: 60% \r\n\r\n- Design: High Profile\r\n\r\n- Layout: ABNT2\r\n\r\n- Conectividade: Cabo USB-C para USB-A removível\r\n\r\n- Software: Não\r\n\r\n- Altura Ajustável: Sim\r\n\r\n- Materiais do case: Plástico ABS\r\n\r\n- Iluminação:  Single color Branco\r\n\r\n- Rollover: N-Key\r\n\r\n- Comprimento do cabo: 1.80\r\n\r\n- Keycaps: Doubleshot ABS\r\n\r\n \r\n\r\nConteúdo da Embalagem:\r\n\r\n- Teclado Gamer Redragon Lakshmi\r\n\r\n\r\nGarantia:\r\n12 meses de garantia\r\n\r\nPeso:\r\n712 gramas (bruto com embalagem)','Acessórios',2020,'teclado_brown.png','Sinta o Poder sob seus Dedos.'),(9,'Mouse rayzer bonito','O mouse gamer é um acessório indispensável para jogadores sérios que buscam precisão e desempenho máximo durante suas sessões de jogo. Com design ergonômico e recursos avançados, ele oferece uma experiência de jogo imersiva e responsiva.',79.99,'DPI ajustável, Iluminação RGB, Sensor óptico, Botões programáveis, Taxa de atualização, Design ambidestro, Cabo trançado\r\nPeso ajustável, Conector USB, Software de personalização.','Acessórios',1212,'mouse.png','Precisão e resposta ágil para aprimorar sua jogabilidade.'),(10,'Monitor Centauri CRS24','O Monitor Pichau Centauri CRS24 foi criado e desenvolvido para trazer uma experiência única e imersiva, levando você a desbravar novas aventuras e conquistar novos mundos enquanto aproveita seus jogos favoritos. Nele, tudo foi pensado para trazer até o seu alcance o que há de melhor no mercado!',1105.77,'Marca:	Pichau\r\nModelo:	PG-CTRS24-BL01\r\nTamanho da tela de exibição:	24.5\"\r\nResolução:	1920x1080\r\nTipo de painel:	IPS\r\nProporção da tela:	16:9\r\nTempo de resposta:	1ms\r\nTaxa de atualização:	240 Hz\r\nBrilho:	400cd/m2\r\nTaxa de contraste:	1000:1\r\nPixel pitch:	0.2832 x 0.2802mm\r\nCor de exibição:	16.7M (8-bit)\r\nAuto Falante:	8Ω4W\r\nSuporte VESA:	100x100mm\r\nTemperatura de Operação:	0 ~ 50 °C\r\nTemperatura de Armazenamento:	-20 ~ 60 °C\r\nTensão:	DC 12v\r\nConsumo de Energia:	<40W\r\nStand by:	0.5W\r\nTemperatura de cor:	6485K\r\nGama de cores:	sRGB: 96%\r\nAdobe RGB: 73%\r\nDCI-P3: 76%\r\nNTSC: 73%\r\nEntradas:	2 x HDMI\r\n2 x DP\r\n1 x DC\r\n1 x Saída de áudio\r\nVersão entradas:	HDMI 2.0\r\nDP 1.4\r\nCaracterísticas:	Freesync\r\nFlicker free\r\nLow blue light\r\nHDR\r\nDCR\r\nDimensões:	Com suporte: 558.47 x 415.89 x 192.10 mm\r\nSem suporte: 558.47 x 329.79 x 52.09 mm\r\nConteúdo de embalagem:	Monitor\r\nSuporte do Monitor\r\nCabo HDMI 2.0\r\nFonte de energia\r\nManual do usuário','Monitores',99299,'monito_cent.png','Imersão Visual em Alta Definição'),(11,'Tablet de Desenho','Explore novas fronteiras artísticas com o iPad Pro, a ferramenta definitiva para os entusiastas do desenho digital. Projetado para proporcionar uma experiência imersiva e intuitiva, este dispositivo combina poder de processamento avançado com uma tela deslumbrante para dar vida às suas ideias.',499.09,'Especificações: \r\nMARCA: Apple\r\nMODELO: iPad Pro MHQR3LL/A A2377 3rd Generation (2021)\r\nCOR: Space Gray\r\nMEMÓRIA INTERNA: 128GB\r\nMEMÓRIA RAM: 8GB\r\nPROCESSADOR CPU: Chip M1, Octa Core - Neural Engine 16 núcleos\r\nSISTEMA OPERACIONAL: iPadOS\r\nTELA: Liquid Retina de 11\" Multitouch, com Tecnologia IPS, True Tone e Tecnologia ProMotion, 600 Nits de brilho e revestimento oleofóbico\r\nCÂMERA: Principal Dual: Wide de 12MP f/1.8 e Ultra Wide 10MP f/2.4 com ângulo de visão de 125°, as duas com lente de 5 elementos, Auto Foco, Smart HDR 3, modo Burts, estabilização automática de imagem + Câmera Frontal TrueDepth de 12MP f/2.4 e ângulo de visão de 122°\r\nBATERIA: Lithium Polymer\r\nCOMUNICAÇÃO: USB‑C\r\nCONECTIVIDADE WIRELESS: Wi-Fi 6 802.11ax, banda dupla (2.4GHz e 5GHz); HT80 com MIMO - Bluetooth 5.0\r\nVÍDEO: Qualidade máxima de captura: 4K de 24 a 60 fps - Slow motion Full HD 1080p a 120 e 240 fps - Conta com estabilização cinemática de vídeo - Possui AF contínuo - Grava vídeos nos formatos HEVC e H.264\r\nLOCALIZAÇÃO: Bússola Digital - Microlocalização iBeacon\r\nSENSOR: Face ID - LiDAR Scanner - Giroscópio de 3 eixos - Acelerômetro - Barômetro - Sensor de Luz Ambiente\r\nALTO-FALANTE: Integrados\r\nMICROFONE: Integrado\r\nFORMATOS DE ÁUDIO: Reproduz: AAC, AAC-LC, HE-AAC, HE-AAC v.2, MP3,Linear PCM, FLAC, Dolby Digital (AC-3), Dolby Digital Plus (E‑AC‑3), Dolby Atmos e Audible (formatos 2, 3, 4, Audible Enhanced Audio, AAX e AAX+)\r\nFORMATO DE VÍDEO: Reproduz: HEVC, H.264, MPEG-4 Parte 2 e Motion JPEG HDR com Dolby Vision, HDR10 e HLG\r\nPESO BRUTO (g): 871\r\nDIMENSÕES DA EMBALAGEM (cm): 19 x 5 x 26.1\r\n* As informações e características dos produtos são de inteira responsabilidade do fabricante. Não nos responsabilizamos por eventuais erros nas descrições e/ou imagens apresentadas.','Dispositivos',37501,'tablet.png','Portabilidade e versatilidade em um dispositivo touchscreen.'),(12,'AMD Ryzen 5 4600G','Possui desempenho gráfico poderoso em um processador desktop para jogos suaves de 1080p, sem necessidade de placa de vídeo\r\n6 núcleos e 12 linhas de processamento, junto com o cooler AMD Wraith Stealth\r\n4,2 GHz Max Boost, desbloqueado para overclock, cache de 11 MB, suporte DDR4-3200\r\nPara a plataforma avançada de soquete AM4',599.99,'Marca	‎AMD\r\nFabricante	‎AMD\r\nSérie	‎AMD Ryzen 5 4600G com Wraith Stealth Cooler\r\nCertificação	‎não\r\nAltura do produto	‎6 milímetros\r\nLargura do produto	‎40 milímetros\r\nMarca do processador	‎AMD\r\nTipo de processador	‎AMD Ryzen 5 4600G\r\nVelocidade do processador	‎3,7 GHz\r\nTipo de soquete do processador	‎Socket AM4\r\nNúmero de processadores	‎6\r\nTipo de Memória	‎DDR4 SDRAM\r\nPotência em watts	‎65 watts\r\nFonte de alimentação	‎Não aplicável\r\nPilhas ou baterias inclusas	‎Não\r\nPeso da bateria ou pilha de lítio	‎1 Kilograms\r\nNúmero de unidades	‎1\r\nPeso do produto	‎410 g\r\nDimensões do produto	‎4 x 4 x 0,6 cm; 411,07 g\r\nNúmero do modelo	‎AMD Ryzen 5 4600G\r\nFunciona a bateria ou pilha?	‎Não\r\nEAN	‎0730143313940','Hardware',241719,'ryzen_5.png','Velocidade e Eficiência para Tarefas Diárias e Jogos.'),(13,'PC Gamer Balder i7-10th','Descubra a emoção de jogar com gráficos incríveis, velocidade incomparável e desempenho poderoso com o nosso PC Gamer de última geração! Combinando tecnologia de ponta e design impressionante, este é o dispositivo perfeito para os verdadeiros entusiastas dos jogos.\r\n\r\n Potência Sem Limites: Equipado com um processador de última geração e uma placa de vídeo de alto desempenho, este PC Gamer oferece um poder de processamento inigualável. Desfrute de jogos fluidos, sem atrasos ou interrupções, permitindo que você mergulhe completamente em cada aventura virtual.\r\n\r\nGráficos Deslumbrantes: O seu mundo de jogos ganhará vida com visuais deslumbrantes e realistas. A placa de vídeo poderosa e a capacidade de renderização em alta definição garantem que cada detalhe seja reproduzido com perfeição. Deixe-se envolver pelos cenários impressionantes e efeitos visuais de tirar o fôlego.\r\n\r\nVelocidade Relâmpago: O PC Gamer está equipado com armazenamento de alta velocidade e memória de acesso rápido, permitindo que você carregue jogos e arquivos em um piscar de olhos. Diga adeus às longas esperas e aproveite uma experiência de jogo instantânea, para que você nunca perca um segundo da ação.\r\n\r\nSom Imersivo: Com áudio de alta definição, você será transportado para um mundo de sons ricos e envolventes. Ouça cada detalhe dos efeitos sonoros, trilhas sonoras épicas e diálogos dos seus jogos favoritos como se estivesse dentro da própria aventura.\r\n\r\nConstruído para Durar: Este PC Gamer é projetado com componentes de qualidade premium e uma construção sólida, garantindo durabilidade e desempenho confiável. Construído para enfrentar os desafios dos jogos mais exigentes, você terá um equipamento que resistirá ao teste do tempo.\r\n\r\nPersonalização Total: Além do poder bruto, este PC Gamer também permite que você personalize a aparência do seu setup. Adicione luzes RGB personalizáveis, escolha um gabinete estilizado e crie um ambiente de jogo exclusivo que reflita sua personalidade e estilo.\r\n\r\nPronto para o Futuro: Com tecnologia de ponta e capacidade de expansão, este PC Gamer está preparado para os jogos do futuro. Esteja à frente da curva e desfrute de uma experiência de jogo imersiva por anos, sem se preocupar com atualizações constantes.\r\n\r\nNão perca a oportunidade de levar para casa um PC Gamer que vai transformar a maneira como você joga! Eleve sua experiência de jogo a um novo patamar e mergulhe em mundos virtuais incríveis. Adquira o nosso PC Gamer agora mesmo e prepare-se para a aventura de uma vida!\r\n\r\nNossa LINHA de PC GAMER DEUSES possui configurações prontas pra você detonar nos jogos.\r\n\r\nTodos os modelos possuem placa de vídeo e contam com peças de alta qualidade que garantirão total satisfação em sua compra.',3115.99,'Processador: Intel Core i7-10700F\r\nNúmero de núcleos: 8\r\nThreads: 16\r\nFrequência do clock: 2.9 GHz (base), 4.8 GHz (turbo)\r\nCache: 16 MB Intel Smart Cache\r\nHyper-Threading: Sim\r\nGráficos integrados: Não possui\r\n\r\nPlaca-mãe: B560M \r\nFormato: Micro ATX\r\nChipset: B560M (da marca Biostar)\r\n\r\nPlaca de vídeo: NVIDIA GeForce RTX 3060\r\nVRAM: 12 GB GDDR6\r\nRay Tracing: Sim, as placas da série RTX oferecem suporte a ray tracing em tempo real\r\nDLSS (Deep Learning Super Sampling): Sim, as placas da série RTX oferecem suporte à tecnologia DLSS\r\nSaídas de vídeo: portas DisplayPort e HDMI\r\n\r\nMemória RAM: 16 GB DDR4\r\n\r\nArmazenamento: SSD de 512 GB\r\n\r\nFonte de alimentação: 700W 80 PLUS\r\nCapacidade: 700 Watts\r\nCertificação de eficiência energética: 80 PLUS (eficiência energética garantida de pelo menos 80%)\r\n\r\nWater Cooler: 240mm\r\nTamanho do radiador: 240 mm\r\nTipo: Water Cooler (resfriamento líquido)\r\nUtilização: utilizado para resfriar o processador','Dispositivos',1877,'PC_2.png','Desempenho Incrível, Iluminação Poderosa'),(14,'Teclado Redragon Switch Azul','Plastico ABS\r\n- Layout compacto 60% para os gamers que procuram deixar o máximo de espaço possível sobre a mesa.\r\n- Iluminação RGB Redragon Chroma Mk.II individual por tecla trazendo mais brilho para seu setup.\r\n- Cabo USB Tipo C removível para maior praticidade durante o transporte.\r\n- Keycaps feitas com o método double shot injection resultando em legendas duradouras.',155,'Marca	‎Redragon\r\nFabricante	‎Redragon\r\nCertificação	‎Não aplicável\r\nCor	‎Preto\r\nAltura do produto	‎4 centímetros\r\nLargura do produto	‎14 centímetros\r\nTecnologia de conexão	‎USB-A, USB-C\r\nEtiqueta Nacional de Eficiência Energética (ENCE)	‎Não aplicável\r\nFonte de alimentação	‎Energia elétrica\r\nNúmero de unidades	‎1\r\nMaterial	‎Acrilonitrila butadieno estireno\r\nPeso do produto	‎500 g\r\nDimensões do produto	‎32 x 14 x 4 cm; 500 g\r\nReferência do fabricante	‎K617-RGB-B-PT-BLUE\r\nFunciona a bateria ou pilha?	‎Não\r\nEAN	‎6950376708090','Acessórios',22,'teclado_redragon.png','Cliques Precisos, Resposta Rápida.'),(15,'Amd ryzen 7 5700X','Pode oferecer desempenho ultrarrápido de 100 FPS nos jogos mais populares do mundo, placa gráfica discreta necessária\r\n8 núcleos e 16 fios de processamento, baseados na arquitetura AMD \"Zen 3\"\r\n4,6 GHz Max Boost, desbloqueado para overclocking, 36 MB de cache, suporte DDR4-3200\r\nPara a plataforma avançada Socket AM4, pode suportar PCIe 4.0 em placas-mãe X570 e B550\r\nCooler não incluído',1192,'Marca	‎AMD\r\nFabricante	‎AMD\r\nSérie	‎AMD Ryzen 7 5700X\r\nCertificação	‎Não aplicável\r\nCor	‎Cerâmica cinza\r\nAltura do produto	‎6 milímetros\r\nLargura do produto	‎40 milímetros\r\nMarca do processador	‎AMD\r\nTipo de processador	‎Ryzen 7\r\nVelocidade do processador	‎3.4\r\nTipo de soquete do processador	‎Socket AM4\r\nNúmero de processadores	‎8\r\nTipo de Memória	‎DIMM\r\nPotência em watts	‎65 watts\r\nFonte de alimentação	‎Não aplicável\r\nPilhas ou baterias inclusas	‎Não\r\nPeso da bateria ou pilha de lítio	‎2 Kilograms\r\nNúmero de unidades	‎1\r\nPeso do produto	‎119 g\r\nDimensões do produto	‎4 x 4 x 0,6 cm; 119,07 g\r\nPilha(s) ou bateria(s):	‎1 Desconhecida (necessita de baterias)\r\nNúmero do modelo	‎AMD Ryzen 7 5700X\r\nFunciona a bateria ou pilha?	‎Não\r\nEAN	‎0730143314275, 0797505615876','Hardware',23468,'ryzen_7.png','A Elite do Processamento, Lidando com Desafios Intensos com Facilidade.'),(16,'Placa mãe ASUS tuf','A placa-mãe Asus TUF Gaming X570-PLUS/BR AMD DDR4 A TUF Gaming X570-Plus reúne os elementos essenciais da mais recente plataforma AMD e os combina com funcionalidades prontas para o jogo e durabilidade comprovada. Projetadas com componentes de nível militar, soluções de energia aprimoradas e um conjunto abrangente de opções de refrigeração, essas placas-mãe oferecem desempenho sólido com estabilidade inabalável em jogos. Soquete AMD AM4 Pronto para os processadores AMD RyzenTM de 2a e 3a geração. Enhanced Power Solution 12+2 Estágios de potência Dr. MOS, PCB de 6 camadas, soquetes ProCool, componentes TUF de nível militar e VRM Digi+ para máxima durabilidade. Refrigeração abrangente Dissipador de calor do chipset ativo, dissipador de calor VRM, dissipador do M.2, headers de ventoinhas híbridos e Fan Xpert 4. Conectividade de Nova Geração Portas Dual PCIe 4.0 M.2, USB 3.2 Gen 2, Ethernet Gigabit Realtek® L8200A exclusiva, tecnologias TUF LANGuard e TurboLAN. Codec Realtek S1200A Qualidade de áudio cristalina com relação sinal/ruído sem precedentes de 108dB para line-out estéreo e 103dB para line-in. Aura Sync RGB Sincronize a iluminação LED com um vasto portfólio de acessórios de PC compatíveis, incluindo fitas RGB endereçáveis. TUF Gaming Alliance O ecossistema de hardware da ASUS garante a melhor compatibilidade e estética, desde componentes até gabinetes. Garanta já a sua placa-mãe Asus TUF Gaming X570-PLUS/BR AMD DDR4 no KaBuM!',741.51,'Marca\r\nAsus\r\n\r\nModelo\r\nTUF Gaming X570-Plus DDR4\r\n\r\nProcessador\r\nAMD AM4 Socket AMD Ryzen ™ de 2ª e 1ª geração com gráficos Radeon ™ Vega / Processadores AMD Ryzen ™ de 2ª geração / 3ª geração AMD Ryzen ™ de AMD\r\n\r\nChipset\r\nAMD X570\r\n\r\nMemória\r\nProcessadores AMD Ryzen ™ de 3ª geração\r\n4 x DIMM, máx. Memória de 128 GB, DDR4 4400 (OC) / 3466 (OC) / 3400 (OC) / 3200 (OC) / 3000 (OC) / 2933 (OC) / 2800 (OC) / 2666/2400/2133 MHz sem buffer de\r\nsegunda geração Processadores AMD Ryzen ™\r\n4 x DIMM, máx. 128GB, DDR4 3600 (OC) / 3466 (OC) / 3400 (OC) / 3200 (OC) / 3000 (OC) / 2933 (OC) / 2800 (OC) / 2666/2400 / 2.133 MHz Un-tamponada de memória\r\n2 e AMD Ryzen ™ de 1ª geração com processadores gráficos Radeon ™ Vega\r\n4 x DIMM, máx. 128GB, DDR4 3200 (OC) / 3000 (OC) / 2933 (OC) / 2800 (OC) / 2666/2400/2133 MHz Memória sem buffer\r\nArquitetura de memória de canal duplo O\r\nsuporte à memória ECC (modo ECC) varia de acordo com a CPU.\r\n\r\nGráfico\r\nPlaca gráfica integrada nos processadores AMD Ryzen ™ de 2ª e 1ª geração com processadores gráficos Radeon ™ Vega\r\nSuporte a saída Multi-VGA: portas HDMI / DisplayPort\r\n- Suporta HDMI 1.4b com capacidade máx. resolução 4096 x 2160 a 24 Hz\r\n- Suporta DisplayPort com tamanho máx. resolução 4096 x 2160 a 60 Hz\r\n\r\nMulti-GPU\r\nProcessadores\r\nAMD Ryzen ™ de 3ª e 2ª geração Os processadores AMD Ryzen de 2ª geração / Ryzen ™ de 1ª geração suportam a\r\ntecnologia AMD CrossFireX ™\r\n\r\nSlots de Expansão\r\nProcessadores AMD Ryzen ™ de 3ª geração\r\n1 x PCIe 4.0 x16 (modo x16)\r\nProcessadores AMD Ryzen ™ de 2ª geração\r\n1 x PCIe 3.0 x16 (modo x16)\r\nAMD Ryzen ™ de 2ª e 1ª geração com processadores gráficos Radeon ™ Vega\r\n1 x PCIe 3.0 / 2.0 x16 (modo x8)\r\nchipset AMD X570\r\n1 x PCIe 4.0 x16 (máximo no modo x4)\r\n2 x PCIe 4.0 x1\r\n\r\nArmazenamento\r\nProcessadores AMD Ryzen ™ de 3ª geração:\r\n1 x M.2 soquete 3, com chave M, tipo 2242/2260/2280/22110 (modos PCIE 4.0 x4 e SATA) suportam dispositivos de armazenamento\r\nAMD Ryzen ™ de 2ª geração:\r\n1 x M.2 Os dispositivos de armazenamento Soquete 3, com chave M, tipo 2242/2260/2280/22110 (modos PCIE 3.0 x4 e SATA) suportam o\r\nchipset AMD X570:\r\n1 x Soquete M.2 3, com chave M, tipo 2242/2260/2280/22110 (Modos PCIE 4.0 x4 e SATA) os dispositivos de armazenamento suportam\r\n8 x Portas SATA 6Gb / s\r\nSuporta Raid 0, 1, 10\r\n\r\nLAN\r\nRealtek® L8200A\r\nUtilitário de LAN ASUS Turbo\r\nTUF LANGuard\r\n\r\nRede sem fio\r\nIntel® Wireless-AC 9260\r\nWi-Fi 802.11 a / b / g / n / ac\r\nSuporta frequência de banda dupla de 2,4 / 5 GHz\r\nSuporta MU-MIMO\r\nSuporta largura de banda de canal: HT20 / HT40 / HT80 / HT160. Velocidade de transferência de até 1,73Gbps\r\n\r\nBluetooth\r\nBluetooth® 5.0\r\n\r\nÁudio\r\nRealtek® ALC S1200A Áudio de alta definição com 8 canais CODEC\r\nAudio Feature:\r\n- Exclusivo DTS personalizado para fones de ouvido para jogos.\r\n- Blindagem de áudio: Garante uma separação analógica / digital de precisão e interferência multilateral muito reduzida\r\n- Camadas dedicadas de PCB de áudio: Camadas separadas para canais esquerdo e direito para proteger a qualidade dos sinais de áudio sensíveis\r\n- Capacitores de áudio japoneses premium: Fornecem calor, natural e som imersivo com excepcional clareza e fidelidade\r\n- Tampa de áudio: Blindagem eficaz preserva a integridade dos sinais de áudio para garantir a melhor qualidade.\r\n\r\nUSB\r\nAMD Ryzen ™ de 3ª e 2ª geração / AMD Ryzen ™ de 2ª e 1ª geração com processadores gráficos Radeon ™ Vega:\r\n4 x Portas USB 3.2 Gen 1 (4 no painel traseiro),\r\nchipset AMD X570:\r\n3 x Porta USB 3.2 Gen 2 (s) (3 no painel traseiro, 2 x Tipo-A + 1 x USB Tipo-C TM )\r\nchipset AMD X570:\r\n2 x Portas USB 3.2 Gen 1 (2 na placa intermediária)\r\nchipset AMD X570:\r\n4 x Portas USB 2.0 (4 na placa intermediária)\r\n\r\nRecursos especiais\r\nASUS TUF PROTECTION\r\n- ASUS SafeSlot: Proteja sua placa de vídeo Investimento\r\n- ASUS ESD Guard: Proteção ESD aprimorada\r\n- ASUS Overvoltage Protection: Design de energia de proteção de circuito de classe mundial\r\n- ASUS de volta em aço inoxidável da ASUS: E / S traseira em aço inoxidável ASUS: 3X de resistência à corrosão para maior durabilidade !\r\n- ASUS DIGI + VRM: Controle de precisão para energia estável\r\n- ASUS LANGuard: Protege contra sobretensões na rede local, raios e descargas de eletricidade estática!\r\nAURA:\r\n- Aura Lighting Control\r\n- Aura RGB Strip Headers\r\n- Conector endereçável Gen 2\r\nRecursos exclusivos da ASUS :\r\n- AI Suite 3\r\n- Ai Charger\r\nASUS Charger Solução térmica silenciosa ASUS :\r\n- Design elegante: Dissipador de calor MOS com design de duas almofadas térmicas, ventilador PCH, dissipador de calor PCH e M.2\r\n- ASUS Fan Xpert 4\r\nASUS EZ DIY:\r\n- ASUS CrashFree BIOS 3\r\n- ASUS EZ Flash 3\r\n- ASUS EZ Flash 3 - ASUS UEFI BIOS EZ Mode\r\nASUS Q -Design:\r\n- ASUS Q-LED (CPU, DRAM, VGA, LED do dispositivo de inicialização)\r\n- ASUS Q-Slot\r\n- ASUS Q-DIMM\r\nDIY Design Amigável\r\n- Procool\r\n- SafeSlot\r\n- Digi + VRM\r\n- Componentes altamente duráveis\r\n- Proteção ESD\r\n\r\nPainel Traseiro\r\n1 x Porta combinada de teclado / mouse PS / 2\r\n1 x DisplayPort\r\n1 x HDMI\r\n1 x Porta LAN (RJ45)\r\n1 x Saída S / PDIF óptica\r\n5 x Conectores de áudio\r\n4 x USB 3.2 Gen 1 ( até 5 Gbps) portas\r\n3 x USB 3.2 Gen 2 (até 10 Gbps) portos (Tipo a Tipo-C + USB TM )\r\nMódulo ASUS Wi-Fi (Wi-Fi 802.11 a / b / g / n / ac e Bluetooth v5 .0)\r\n\r\nPainel Interno\r\n2 x Conectores de fita Aura RGB\r\n1 x Conector endereçável (s) Gen 2\r\n2 x Conectores USB 2.0 suporte (s) adicional (is) 4 porta (s) USB 2.0 (s)\r\n1 x M.2 soquete 3 com chave M, tipo Suporte a dispositivos de armazenamento 2242/2260/2280/22110 (modo SATA e modo X4 PCIE)\r\n1 x M.2 soquete 3 com tecla M, tipo Suporte a dispositivos de armazenamento 2242/2260/2280/22110 (modo SATA e modo X4 PCIE)\r\n1 x Conector SPI TPM\r\n8 x Conectores SATA 6Gb / s\r\n1 x Conector da ventoinha da CPU\r\n1 x Conector da CPU OPT\r\n3 x Conectores da ventoinha do chassi\r\n1 x Conector AIO_PUMP\r\n1 x Conector de alimentação EATX de 24 pinos (s)\r\n1 x 8 pinos do conector ATX 12 V (s)\r\n1 x 4 pinos do conector ATX 12 V (s)\r\n1 x Painel frontal do conector de áudio (s) (AAFP)\r\n1 x Painel sistema (s)\r\n1 x Jumper CMOS nítido\r\n1 x Conector da porta COM\r\n1 x Conector USB 3.2 Gen 1 (até 5Gbps) suporta 2 portas USB adicionais\r\n\r\nBIOS\r\nROM ROM de 256Mb, BIOS UEFI AMI, PnP, SM BIOS 3.2, ACPI 6.2, BIOS multilíngue, ASUS EZ Flash 3, BIOS CrashFree, F6 Qfan Control, F3 Meus Favoritos, F4 AURA ON / OFF, Último registro modificado, F9 Informações de memória de pesquisa, PrintScreen F12 e ASUS DRAM SPD (detecção de presença serial)\r\n\r\nGerenciamento\r\nWOL por PME, PXE\r\n\r\nSistema Operacional\r\nWindows® 10 de 64 bits\r\n\r\nFormato\r\nATX, 30.5 x 24.4 cm','Hardware',55555,'placaM.png','Base estável para conectar todos os componentes essenciais.'),(17,'COOLER DEEPCOOL','-Ao otimizar a estrutura capilar interna e injetar uma quantidade precisa de líquido, o tubo de calor atinge o melhor desempenho de dissipação de calor, independentemente de o resfriador estar em uma caixa vertical ou horizontal. Esta razão perfeita facilita uma mudança de fase altamente eficiente em todo o tubo de calor e atinge menor resistência térmica em uma ampla faixa de TDP.\r\n-O AG400 mantém excelente compatibilidade de hardware com seu design compacto para 100% de depuração de RAM e tem um ligeiro deslocamento para instalação rápida e fácil. Seu excelente desempenho térmico também permite que ele seja compatível com cargas de trabalho de processamento exigentes.\r\n-Desfrute de um melhor desempenho do sistema, mantendo o resfriamento com até 220W de energia de dissipação de calor, com quatro tubos de calor de toque direto que afastam rapidamente o calor da CPU.\r\nwater cooler 240mm; water cooler 360mm; water cooler 120mm; water cooler am4; water cooler amd; water cooler argb;air cooler para processador; air cooler am4; air cooler rgb; air cooler argb; air cooler gamer; air cooler processador;',164.4,'Marca	‎DEEPCOOL\r\nFabricante	‎Deepcool\r\nCertificação	‎Não aplicável\r\nAltura do produto	‎5,9 polegadas\r\nLargura do produto	‎3,62 polegadas\r\nTipo de Memória	‎DIMM\r\nPotência em watts	‎220 watts\r\nFonte de alimentação	‎electric\r\nPilhas ou baterias inclusas	‎Não\r\nNúmero de unidades	‎1\r\nPeso do produto	‎500 g\r\nDimensões do produto	‎12,5 x 9,19 x 14,99 cm; 500 g\r\nNúmero do modelo	‎R-AG400-BKNNMN-G-1\r\nFunciona a bateria ou pilha?	‎Não\r\nEAN	‎6948005973315, 6933412727590','Hardware',27122,'cooler_deep.png','Potência e Elegância em um Pacote'),(18,'Cadeira Gamer','Com um design moderno e ergonômico, a cadeira gamer apresenta linhas elegantes e agressivas, inspiradas nos assentos de carros esportivos. Ela é construída com materiais de alta qualidade, proporcionando durabilidade e resistência para suportar os rigores do uso diário. O destaque dessa cadeira está no seu conforto excepcional. Ela é equipada com estofamento de espuma de alta densidade, que se molda ao corpo do usuário, proporcionando um suporte ergonômico para as costas, pescoço e braços. Além disso, a cadeira é ajustável em várias posições, permitindo que o jogador encontre a posição ideal para sua postura e preferência durante as sessões de jogo.',547.99,'Estrutura resistente, Estofamento de alta qualidade, Design ergonômico, Apoios ajustáveis para os braços, Mecanismo de inclinação, Mecanismo de inclinação, Base giratória e rodízios, Recursos adicionais: Algumas cadeiras gamer também podem incluir recursos adicionais, como almofadas lombares e de pescoço removíveis, suporte para copos, sistema de áudio embutido e iluminação LED.','Acessórios',37505,'cadeira.png','Conforto e suporte ergonômico para longas sessões de jogo.'),(19,'Monitor Centauri CR27','Explore a incrível potência do Monitor Gamer Pichau Centauri CR27! Com uma tela flat de 27\" Quad-HD, bordas super finas e a tecnologia FreeSync, o monitor gamer Centauri CR27 oferece desempenho excepcional para jogos variados de maneira fluida e sem redução de quadros. Equipado com o painel IPS, ele também garante uma maior fidelidade de cores, brilho da tela e nível de realismo que impressionam até os jogadores mais experientes. Sua estrutura robusta e design moderno com iluminação RGB adicionam um toque de estilo ao setup, enquanto a taxa de atualização de 165 Hz, garante partidas muito mais fluídas. Desfrute de gráficos impressionantes, velocidade imbatível e experiência de jogo envolvente com o poderoso Monitor Gamer Pichau Centauri CR27!',1441.65,'Marca:	Pichau\r\nModelo:	PG-CTR-BL01\r\nTamanho da tela de exibição:	27\"\r\nResolução:	QHD - 2560x1440\r\nProporção da tela:	16:09\r\nTipo de luz de fundo:	LED\r\nTipo de painel:	IPS\r\nTempo de resposta:	1ms\r\nTaxa de atualização:	165Hz\r\nPixel por polegada:	108,78 PPI\r\nTaxa de contraste:	1000:1\r\nBrilho:	300cd/m2\r\nÁrea de exibição:	597.6 (H) x 336.15 (V)\r\nSuperfície de tela:	AG 25%, 3H\r\nÂngulo de visualização (CR≥10, H/V):	178/178\r\nConsumo de energia:	38W\r\nModo econômico de energia:	0.5W\r\nModo desligado:	0.4W\r\nÂngulo de inclinação:	Inclinação para frente: 5°\r\nInclinação para trás: 15°\r\nAdaptador de energia:	12V4A\r\nVoltagem:	100-240V\r\nMontagem VESA:	75 x 75 mm\r\nGama de cores:	sRGB: 102%\r\nNTSC: 83%\r\nDCI-P3: 83%\r\nAdobe RGB: 90%\r\nCores: 16.7M – 8bits\r\nCaracterísticas:	Freesync (Adaptive-Sync)\r\nHDR (Com conexão HDMI)\r\nFPS/RTS\r\nLow blue light\r\nGame plus\r\nFlicker free\r\nTemperatura de cor\r\nCompatível com PS4, PS5 e XBOX\r\nEntradas:	2 x HDMI\r\n2 x DP\r\n1 x DC\r\n1 x Saída de áudio\r\nVersão Entradas:	HDMI 2.0\r\nDP 1.2\r\nDimensões:	Com base: 618 x 449 x 214 mm\r\nSem base: 618.8 x 368 x 63.7 mm\r\nConteúdo de embalagem:	Monitor\r\nSuporte do Monitor\r\nCabo de Energia\r\nFonte de Energia\r\nCabo DP 1.4\r\nManual do Usuário','Monitores',8025367,'monitor_cenr.png','Desempenho Superior em Tela Ampla'),(20,'Placa de video RTX 3060','Essa placa possui lhr Placa de Vídeo asus tuf rtx 3060 O12G V2 Gaming lhrasus tuf Gaming GeForce rtx 3060 V2 oc Edition 12 gb GDDR6 design aprimorado com desempenho térmico no topo das tabelas. nvidia Ampere Streaming Multiprocessors: Os blocos de construção para as GPUs mais rápidas e eficientes do mundo, o novo Ampere sm traz 2X a taxa de transferência do FP32 e maior eficiência de energia. Núcleos rt de 2ª geração: Experimente 2X a taxa de transferência de núcleos rt de 1ª geração, mais rt e sombreamento simultâneos para um nível totalmente novo de desempenho de rastreamento de raio. Núcleos de tensores de 3ª geração: Obtenha até o dobro do rendimento com dispersão estrutural e algoritmos de ia avançados, como dlss. Esses núcleos oferecem um grande aumento no desempenho do jogo e recursos de ia totalmente novos. Edição oc: Boost clock 1882 MHz (modo oc) / 1852 MHz (modo Gaming) O design do ventilador de tecnologia axial foi recentemente ajustado com uma direção do ventilador central invertida para menos turbulência. Os rolamentos duplos do ventilador de esferas podem durar até duas vezes mais que os designs de mancal deslizante. Uma cobertura totalmente em alumínio e uma placa traseira de metal aumentam a durabilidade. gpu Tweak ii oferece ajustes intuitivos de desempenho, controles térmicos e monitoramento do sistema.',2399.99,' - Marca: asus- Modelo: 90YV0GC0-M0NA10 Especificações: - Motor Gráfico: nvidia GeForce rtx 3060- Bus Standard: pci Express 4.0- OpenGL: OpenGL4.6 Memória de Vídeo: - 12GB GDDR6 Engine Clock: - Modo oc - 1882 MHz (Boost Clock)- Modo de jogos - 1852 MHz (Boost Clock) cuda Core: - 3584 Velocidade da Memória: - 15 Gbps Interface de Memória: - 192 bits Resolução: - Resolução digital máxima 7680 x 4320 Interface: - Sim x 2 (hdmi 2.1 nativo)- Sim x 3 (DisplayPort 1.4a nativo)- Suporte hdcp Sim (2.3) Suporte máximo de exibição: - 4Suporte NVlink / Crossfire: - Não Programas: - Driver asus gpu Tweak ii e GeForce Game Ready e Studio Driver: baixe todos os softwares do site de suporte. Dimensões: - 11,81 \"x 5,63\" x 2,13 \"polegadas- 30,1 x 14,3 x 5,4 centímetros psu recomendado: - 750W Conectores de energia: - 1 x 8 pinos Slot: - 2.7 Slot\r\n','Hardware',3060,'placa.png','Gráficos impressionantes e desempenho visual excepcional.'),(22,'Mouse HyperX Pulsefire','Ter uma precisão extrema faz toda a diferença em uma partida e esse mouse gamer irá te auxiliar nas partidas para que você busque sempre o primeiro lugar! Para deixar sua configuração mais pessoal e com exatidão, é possível chegar até a 6200 DPI e isso graças ao incrível Sensor Óptico Pixart 3327 que também não deixa com aceleração para melhor desempenho. Possui 7 botões programáveis, isso o ajuda nos momentos mais importantes para ganhar tempo e agilidade. O design não deixa nada a desejar também, com texturas nas laterais para não escorregar e atrapalhar o movimento. A ótima durabilidade dos botões esquerdo e direito são outro quesito importante, pois duram cerca de 20 milhões de cliques. E para que seu mouse tenha sua marca registrada o RGB conta com 4 níveis de luminosidade e usando o software HyperX NGenuity você cria macros para o RGB e DPI.',161.1,'- Marca: HyperX\r\n- Modelo: HX-MC004B\r\n\r\nEspecificações:\r\n- Ergonômico: simétrico\r\n- Sensor Pixart: PAW3327\r\n- Resolução: até 6.200 DPI\r\n- Predefinições de DPI: 800 / 1600 / 2400 / 3200 DPI\r\n- Velocidade: 220 ips\r\n- Aceleração: 30g\r\n- Botões: 7\r\n- Durabilidade dos botões Esquerdo/Direito: 20 milhões de cliques\r\n- Luz de fundo: RGB (16.777.216 cores)\r\n- Efeitos de Luz: 1 zona de iluminação RGB com 4 níveis de luminosidade\r\n- Memória do Mouse: Possibilidade de salvar 1 perfil\r\n- Tipo de conexão: USB 2.0\r\n- Polling rate (taxa de captação): 1000 Hz\r\n- Formato de dados USB: 16 bits/eixo\r\n- Tipo de cabo: trançado\r\n\r\nDimensões:\r\n- Comprimento: 119,30mm\r\n- Altura: 41,30 mm\r\n- Largura: 63,90 mm\r\n- Comprimento do cabo: 1,8 m\r\n\r\nConteúdo da embalagem:\r\n- Mouse Gamer HyperX Pulsefire Core RGB - Guia Rápido\r\n \r\n\r\nAltura Real\r\n\r\n20\r\n\r\n \r\n\r\nLargura Real\r\n\r\n20\r\n\r\n \r\n\r\nProfundidade Real\r\n\r\n20\r\n\r\n \r\n\r\nPeso Real\r\n\r\n0118\r\n\r\n \r\n\r\nGarantia do Fornecedor\r\n\r\n12 meses\r\n\r\n \r\n\r\nFabricante\r\n\r\nHyperX\r\n\r\n \r\n\r\nLinha\r\n\r\nPulsefire\r\n\r\n\r\nPeso:\r\n480 gramas (bruto com embalagem)','Acessórios',1,'mouse_hyperx.png','Desempenho Imersivo na Ponta dos Seus Dedos.'),(23,'Intel Core i9-10900F','Recursos de desempenho inteligente integrados aprendem e se adaptam ao que você faz, direcionando potência dinamicamente para onde ela é mais necessária. Os processadores Intel Core da 10ª geração com memória Intel Optane fornecem a responsividade para fazer mais.\r\n\r\n\r\n*Não possui video integrado\r\n\r\n \r\n\r\ni9-10900F\r\nOs novos processadores Intel Core da 10ª geração oferecem atualizações de desempenho incríveis para melhorar a produtividade e proporcionar entretenimento surpreendente.\r\n\r\n \r\n\r\nTecnologia Hyper-Threading Intel\r\nTecnologia Hyper-Threading Intel (Tecnologia Intel HT) oferece dois segmentos de processamento por núcleo físico. Aplicativos altamente segmentados podem fazer trabalhos adicionais paralelamente, concluindo as tarefas mais rapidamente.\r\n\r\n \r\n\r\nTecnologia de virtualização Intel\r\n \r\n\r\nA Tecnologia de virtualização Intel (VT-x) permite que uma plataforma de hardware funcione como várias plataformas \"virtuais\". Ela oferece mais capacidade de gerenciamento ao limitar o tempo de paralisação e manter a produtividade dos funcionários, ao isolar as atividades de computação em partições separadas.',1699.99,'- Marca: Intel\r\n\r\n- Modelo: BX8070110900F\r\n\r\n\r\n\r\nEspecificações:\r\n\r\n- Litografia: 14 nm\r\n\r\n- Soquetes suportados: FCLGA1200\r\n\r\n- Configuração máxima da CPU: 1\r\n\r\n- Especificação de solução térmica: PCG2015C\r\n\r\n \r\n\r\nAtuação:\r\n\r\n- Número de Núcleos: 10\r\n\r\n- Número de threads: 20\r\n\r\n- Frequência: Baseada em processador 2.80 GHz\r\n\r\n- Frequência turbo máxima: 5,20 GHz\r\n\r\n- Frequência da Intel Thermal Velocity Boost: 5,20 GHz\r\n\r\n- Cache: 20 MB Intel Smart Cache\r\n\r\n- Velocidade do barramento: 8 GT / s\r\n\r\n- Tecnologia Intel® Turbo Boost Max 3.0 Frequência: 5,10 GHz \r\n\r\n- TDP: 65W\r\n\r\n \r\n\r\nMemória:\r\n\r\n- Tamanho máximo de memória (dependendo do tipo de memória): 128GB\r\n\r\n- Tipos de Memória: DDR4-2933\r\n\r\n- Número máximo de canais de memória: 2\r\n\r\n- Largura de banda máxima da memória: 45,8 GB / s\r\n\r\n \r\n\r\nOpções de expansão:\r\n\r\n- Escalabilidade: 1S Only\r\n\r\n- Revisão do PCI Express: 3.0\r\n\r\n- Configurações PCI Express: Até 1x16, 2x8, 1x8 + 2x4\r\n\r\n- Nº máximo de pistas PCI Express: 16 \r\n\r\n \r\n\r\nTecnologias avançadas:\r\n\r\n- Memória Intel Optane suportada\r\n\r\n- Tecnologia Intel Turbo Boost: 2.0\r\n\r\n- Tecnologia Intel Hyper-Threading\r\n\r\n- Tecnologia de virtualização Intel (VT-x)\r\n\r\n- Tecnologia de virtualização Intel para E/S direcionada (VT-d)\r\n\r\n- Intel VT-x com tabelas de páginas estendidas (EPT) \r\n\r\n- Intel 64 \r\n\r\n- Conjunto de instruções: 64 bits\r\n\r\n- Extensões do conjunto de instruções: Intel SSE4.1, Intel SSE4.2, Intel AVX2\r\n\r\n- Tecnologia Intel SpeedStep aprimorada\r\n\r\n- Tecnologias de monitoramento térmico\r\n\r\n- Tecnologia de proteção de identidade Intel\r\n\r\n \r\n\r\nConteúdo da embalagem:\r\n- Processador Intel Core i9-10900F\r\n\r\n\r\nGarantia:\r\n36 meses de garantia\r\n\r\nPeso:\r\n92 gramas (bruto com embalagem)','Hardware',6226,'intel_i9.png','Desempenho Excepcional para Jogos e Aplicações Intensivas.'),(24,'Pc Gamer Cougar I5-10th','Conheça o PC Gamer COUGAR, equipado com um processador Intel i5-10400F e 8GB de memória RAM. Este computador gamer entrega desempenho excepcional para jogos avançados e tarefas exigentes. Além disso, sua alta capacidade de memória RAM garante uma multitarefa suave e eficiente.\r\n\r\nCom um SSD 480GB, o Pichau COUGAR fornece tempos de inicialização extremamente rápidos, permitindo que você inicie suas partidas sem atrasos. Seu design robusto e contemporâneo adiciona um toque de elegância ao seu setup, enquanto o eficaz sistema de resfriamento mantém o computador em temperatura ideal durante sessões intensas de jogo.\r\n\r\nEquipado com uma GeForce GTX 1650 4GB, o Pichau PC Gamer COUGAR ainda oferece gráficos deslumbrantes e velocidade incríveis, proporcionando uma experiência de jogo totalmente imersiva e envolvente. Conheça mais detalhes sobre este incrível computador gamer Pichau abaixo:',2799.76,'Processador\r\n1 x Processador Intel Core i5-10400F, 6-Core, 12-Threads, 2.9Ghz (4.3Ghz Turbo), Cache 12MB, LGA1200, BX8070110400F\r\nPlaca mãe\r\n1 x Placa Mae Pichau Alphard B560M-T, DDR4, Socket LGA1200, Chipset Intel B560, PCH-ALPDB560M-T\r\nMemória\r\n1 x Memoria Team Group T-Force Vulcan Pichau, 8GB (1x8), DDR4, 3200MHz, C16, Vermelha, TLPRD48G3200HC16F01\r\nArmazenamento\r\n1 x SSD Mancer Reaper, 500GB, SATA III 6GB/s, Leitura 550 MB/s, Gravacao 500 MB/s, MCR-RPRPN-512\r\nPlaca de vídeo\r\n1 x Placa de Video Gigabyte GeForce GTX 1650 D6 OC, 4GB, GDDR6, 128-bit, GV-N1656OC-4GD-REV4.0\r\nFonte\r\n1 x Fonte Mancer Thunder 500W, 80 Plus Bronze, MCR-THR500-BL01-OEM\r\nGabinete\r\n1 x Gabinete Gamer Cougar Archon 2 Mesh RGB, Lateral de Vidro, Com 3 Fans, Branco, 385CC50.0002\r\nCabo HDMI\r\n1 x Cabo HDMI Pichau 1.8m, 5001-1A\r\nCabo De Força\r\n1 x Cabo de Força Pichau 1.2m, 3 Pinos, Vermelho, PG-PWC-RD01','Dispositivos',275225,'PC_3.png','Fera Silenciosa do Gaming'),(25,'Microfone HyperX','O HyperX QuadCast é o microfone independente ideal com todos os recursos para o streamer ou podcaster que procura um microfone com som de qualidade. O QuadCast vem com sua própria base \"shock mount\" antivibração para ajudar a reduzir os ruídos da vida diária e um filtro integrado para abafar sons percussivos desagradáveis. Saiba instantaneamente o status do seu microfone com o indicador em LED e simplesmente toque para colocá-lo em mudo para evitar acidentes inconvenientes na transmissão. ',799.99,'Sensibilidade: -36dB (1V/Pa a 1kHz), Taxa de bits/amostra: 48kHz/16-bits, Design Gamer com RGB , Microfone condensador Electret, ','Acessórios',62622,'mic.png','Captação de áudio nítida para uma comunicação imersiva.'),(26,'Monitor Curvo LG UltraGear','Monitor Gamer LG 34\r\n \r\n\r\nSe você está buscando uma experiência imersiva nos mais variados tipos de jogos como estratégia, RPS, corrida, esse monitor é ideal para você. Com a tela em resolução QHD UltraWide (resolução 3440x1440), você ganha 30% a mais de área de tela e assim não perde nenhum detalhe do jogo. E mais, o modelo ainda conta com o som estéreo 7W com MaxxAudio. Além disso, com a tela na proporção 21:9 você também ganha mais produtividade, já que pode acessar dois conteúdos simultaneamente na mesma tela, podendo assim jogar e stremar ou trabalhar ao mesmo tempo.\r\n\r\n \r\n\r\nTaxa de Atualização\r\nO monitor possui 160Hz o que garante uma jogabilidade incrível durante a transição de quadros dos jogos. Com o tempo de resposta de 1ms (MBR), você irá notar como o seu monitor se torna mais responsivo aos seus comandos.',1989.99,'Características:\r\n\r\n- Marca: LG\r\n\r\n- Modelo: 34GP63A-B\r\n\r\n \r\n\r\nEspecificações:\r\n\r\n \r\n\r\nDestaques:\r\n\r\n- Tela em resolução WQHD UltraWide (resolução 3440x1440)\r\n\r\n- Taxa de atualização: 160Hz\r\n\r\n- Tempo de Resposta:1ms (MBR)\r\n\r\n- AMD FreeSync Premium\r\n\r\n- MaxxAudio® (7Wx2)\r\n\r\n- Ajustes de Posição: Inclinação/ Altura\r\n\r\n- DisplayPort / 2x HDMI\r\n\r\n \r\n\r\nTela:\r\n\r\n- Tamanho: 34”\r\n\r\n- Tipo de Tela: VA\r\n\r\n- Ângulo de Visão: 178º / 178º\r\n\r\n- Resolução Máxima: 3440 x 1440\r\n\r\n- Brilho (típ.): 300 cd/m²\r\n\r\n- Contraste: 3000:1\r\n\r\n- Tempo de Resposta:1ms (MBR)\r\n\r\n- Taxa de atualização: 160Hz\r\n\r\n- Gama de cores: sRGB 99%\r\n\r\n- Profundidade de Cores (nº de cores): 1.07B\r\n\r\n- Distância entre Pixels: 0.07725 × 0.23175mm\r\n\r\n- Tratamento de Tela: Antirreflexivo\r\n\r\n- Curvo: Sim (1800R)\r\n\r\n- Tela VA\r\n\r\n \r\n\r\nRecursos:\r\n\r\n- Alto-Falantes: Sim (Maxx Audio)\r\n\r\n- HDR: HDR10\r\n\r\n- Flicker Safe: Sim\r\n\r\n- AMD FreeSync™: FreeSync Premium\r\n\r\n- Modo Leitura: Sim\r\n\r\n- OnScreen Control: Sim\r\n\r\n- Motion Blur Reduction: Sim\r\n\r\n- Crosshair: Sim\r\n\r\n- Dynamic Action Sync: Sim\r\n\r\n- Black Stabilizer: Sim\r\n\r\n- Smart Energy Saving: Sim\r\n\r\n- Auto Input Switch: Sim\r\n\r\n \r\n\r\nEntradas e Saídas:\r\n\r\n- HDMI: Sim (2ea)\r\n\r\n- DisplayPort: Sim (1ea)\r\n\r\n- USB Tipo-C: Não\r\n\r\n- USB: Não\r\n\r\n- D-Sub: Não\r\n\r\n- DVI: Não\r\n\r\n- Saída de Fone de Ouvido: 3-polos (somente som)\r\n\r\n \r\n\r\nEnergia:\r\n\r\n- Consumo de Energia: 42W (típ.)\r\n\r\n- Fonte: Adaptador externo\r\n\r\n \r\n\r\nAjustes:\r\n\r\n- Ajustes de Posição: Inclinação/ Altura\r\n\r\n- Tamanho da Furação: 100 x 100 mm\r\n\r\n \r\n\r\nConteúdo da Embalagem:\r\n\r\n- Monitor Gamer\r\n\r\n\r\nGarantia:\r\n12 meses de garantia\r\n\r\nPeso:\r\n22296 gramas (bruto com embalagem)','Monitores',1234567,'monitor.png','A Curvatura que Catapulta sua Imersão'),(27,'Memoria ram husky 8gb','Memória Gamer Husky Avalanche 16GB 3200MHz CL19 DDR4 Preto - HGMF008\r\nA Memória Gamer Husky Avalanche 16GB é uma peça-chave para os gamers e entusiastas de alto desempenho que buscam uma melhoria substancial em seus sistemas. Com uma capacidade generosa de 16GB e uma velocidade poderosa de 3200MHz, esta memória não apenas melhora o desempenho do seu computador, mas também adiciona um toque elegante ao interior do seu pc.\r\nA Memória Gamer Husky Avalanche foi projetada para proporcionar uma experiência de jogo mais suave e responsiva. Com 16GB de capacidade, ela oferece espaço de sobra para a execução eficiente de jogos, aplicativos e multitarefa intensiva, permitindo que você execute várias tarefas sem problemas.\r\nA velocidade de 3200MHz é um destaque significativo, permitindo que a memória responda rapidamente às demandas do sistema. Isso é especialmente importante em jogos, onde cada milissegundo conta.\r\nA latência CL19 garante uma transferência de dados eficiente, contribuindo para o desempenho global do sistema.\r\nO design em preto da Memória Gamer Husky Avalanche complementa a estética da maioria das configurações de jogos, tornando-a uma escolha ideal para gamers que desejam um desempenho robusto e estilo em um único pacote.\r\nA instalação é simples e direta, permitindo que você atualize seu sistema facilmente. Basta encaixar os módulos de memória nos slots de memória da placa-mãe compatível.\r\nA Memória Gamer Husky Avalanche DDR4 de 16GB é uma escolha excepcional para aqueles que desejam elevar o desempenho de seus sistemas de jogos. Com sua generosa capacidade, velocidade impressionante e design atraente, ela oferece uma melhoria notável na capacidade de resposta do seu computador e na qualidade da experiência de jogo.',99.99,'- Marca: Husky Gaming\r\n- Modelo: HGMF008\r\n\r\nCaracterísticas:\r\n- Capacidades de módulo: 16GB\r\n- Velocidade: 3200MHz\r\n- Formato: udimm\r\n- Tecnologia: DDR4\r\n- Pinos: 288\r\n- Plug & Play\r\n- Latências: cl 19 (19-19-19-43)\r\n- Voltagem: 1.2 1.35 v\r\n- Temperatura de operação: 0º C até 70º c\r\n- Temperatura de armazenamento: -40º C até 85º c\r\n- Cor do dissipador de calor: Preto\r\n- Dimensões do Módulo: 136 mm x 5 mm x 33 mm\r\n\r\nDestaques:\r\n- Design elegante com dissipador de calor embutido.\r\n- Mais velocidade para computadores de alta performance, com 3200Mhz.','Hardware',797,'memoria.png','Velocidade e capacidade para executar aplicativos e jogos.'),(28,'Cpu cooler 3 pinos Intel','EXCELENTE DESEMPENHO DE REFRIGERAÇÃO: Uma ventoinha PWM de 90 mm com luz LED, 44 aletas, 2 heatpipes de cobre de 6 mm de dupla face em combinação com pasta térmica de alto desempenho MX-2 pré-aplicada fornece excelente desempenho de refrigeração',99,'EFICIENTE E SILENCIOSO: Na velocidade máxima, o ventilador do Freezer 7 X consome apenas 0,07 A em um volume de sussurro silencioso 0,3 Sone\r\nCOMPATIBILIDADE ÓTIMA: Este CPU Air Cooler pode ser montado na maioria dos processadores atuais para desktop. Soquete AMD: AM4, AM3 (+), FM1 / 2 (+); Intel Socket: 1200, 1155, 1151, 1150, 775,\r\nFÁCIL INSTALAÇÃO: Usando a estrutura de montagem, uma instalação simples é possível, mesmo sem remover a placa-mãe\r\nINCLUINDO COMPOSTO TÉRMICO PRÉ-APLICADO: O Air Cooler vem com pasta térmica ARCTIC MX-2 já aplicada, para que o cooler da CPU possa ser colocado em operação imediatamente.','Hardware',7321,'cooler_3pin.png','Eficiência Silenciosa para o seu Intel'),(29,'PC DA NASA RYZEN 11','Apresentamos o PC Xuxa, uma verdadeira obra de arte digital que combina poder, elegância e um toque mágico. Equipado com o processador Intel Core i9 de última geração e uma placa de vídeo RTX 3090, este PC oferece um desempenho extraordinário para gamers, criadores de conteúdo e entusiastas de tecnologia.\r\n\r\nA placa-mãe ASUS ROG Strix Z790-X proporciona estabilidade e recursos avançados, enquanto a memória RAM DDR5 de 64GB e o SSD NVMe de 1TB garantem tempos de resposta rápidos e eficientes.\r\n\r\nA experiência visual é aprimorada pela potente RTX 3090, proporcionando gráficos deslumbrantes com tecnologia de Ray Tracing e DLSS para jogos e renderização de vídeo.\r\n\r\nO sistema de resfriamento NZXT Kraken Z73 de 360mm mantém o PC funcionando na temperatura ideal, enquanto a iluminação RGB personalizável cria um ambiente visualmente cativante.\r\n\r\nArmazenamento espaçoso, conectividade avançada, e uma fonte de alimentação eficiente completam este pacote extraordinário.\r\n\r\nO PC Xuxa não é apenas uma máquina, é uma experiência. Prepare-se para mergulhar em um universo de possibilidades digitais com este computador que combina poder e encanto!',99999.99,'Processador:\r\n\r\nModelo: Intel Core i9-12900K\r\nNúcleos de CPU: 16\r\nThreads: 24\r\nClock Básico: 3.2GHz\r\nClock de Max Boost: Até 5.5GHz\r\nCache L3 total: 30MB\r\nPlaca Mãe:\r\n\r\nModelo: ASUS ROG Strix Z790-X\r\nSocket: LGA 1700\r\nFormato: ATX\r\nRGB Aura Sync\r\nMemória RAM:\r\n\r\nCapacidade: 64GB DDR5 6400MHz\r\nTipo: DDR5\r\nIluminação RGB integrada\r\nArmazenamento:\r\n\r\nSSD NVMe 1TB (Sistema)\r\nHDD 4TB 7200RPM (Armazenamento)\r\nPlaca de Vídeo:\r\n\r\nNVIDIA GeForce RTX 3090\r\nVRAM: 24GB GDDR6X\r\nRay Tracing e DLSS\r\nSistema de Resfriamento:\r\n\r\nWatercooler NZXT Kraken Z73 360mm\r\nIluminação RGB personalizável\r\nFonte de Alimentação:\r\n\r\n1000W 80 Plus Platinum\r\nTotalmente modular\r\nGabinete:\r\n\r\nNZXT H710i\r\nVidro temperado\r\nSistema de gerenciamento de cabos\r\nConectividade:\r\n\r\nWi-Fi 6\r\nBluetooth 5.2\r\nEthernet Gigabit\r\nSistema Operacional:\r\n\r\nWindows 11 Pro\r\n','Dispositivos',13,'xuxa.png','Um supercomputador de última geração'),(30,'Mouse Xgamer Fire Button','Com um super design gamer ergonômico e com detalhes em vermelho, para combinar com seus outros acessórios da linha gamer multilaser, o mouse óptico fire tem as principais funções para te tornar um vencedor! o botão de triplo disparo traz mais precisão e assertividade na hora de atingir seu oponente. São 7 botões no total que irão facilitar seus comandos e possibilitar um super ataque arrasador! velocidade e 2400 dpi as quatro velocidades de 1000, 1600, 2000 e 2400 dpi trarão a rapidez e velocidade que você precisa na hora do jogo.\r\n\r\nAlém disso, o mouse gamer multilaser possui led nas laterais que mudam de acordo com o dpi escolhido. qualidade em cada detalhe com cabo de nylon que é super resistente e conector usb 2.0 banhado à ouro, que dá maior tempo de resposta, o mouse fire gamer da multilaser é o item que faltava para completar os seus acessórios gamer e te fazer um vencedor nos jogos!.',28.95,'- Marca: Multilaser\r\n- Modelo: MO236\r\n- Linha: Gamer\r\n- Cor: Preta com detalhes em Vermelho\r\n\r\nEspecificações Técnicas:\r\n- 2400 DPI - Sensibilidade de movimento.\r\n- 4 Velocidades: 1000/1600/2000/2400 DPI\r\n- LED nas laterais que mudam de acordo com o DPI\r\n- 7 Botões\r\n- Botão para Avançar / Retornar página\r\n- Botão Atirador\r\n- Design ergonômico para jogos\r\n- Tipo: Óptico\r\n- USB 2.0 banhado a ouro\r\n- Cabo de Nylon\r\n- PLUG & PLAY\r\n- Compatibilidade: Windows 98 e superiores e Mac OS\r\n\r\nConteúdo da Embalagem:\r\n- Mouse Óptico Xgamer Fire Button, Usb, 2400Dpi\r\n \r\n\r\nGarantia do Fornecedor\r\n\r\n12 meses\r\n\r\n\r\nPeso:\r\n194 gramas (bruto com embalagem)','Acessórios',27182,'mouse_xgamer.png','Precisão Mortal com Cada Clique.'),(31,'Aircooler Redragon Thor','Aircooler de alto desempenho compatível com sockets AMD e Intel\r\nAcompanha fan de 120mm que equilibra um bom fluxo de ar sem causar muito ruído\r\nIluminação LED Rainbow integrada na capa superior e na fan para trazer mais brilho ao seu setup\r\n4 heatpipes de contato direto para maior transferência de calor',135,'Marca	‎Redragon\r\nFabricante	‎Redragon\r\nSérie	‎Thor Rainbow\r\nCertificação	‎Não aplicável\r\nAltura do produto	‎20 centímetros\r\nLargura do produto	‎20 centímetros\r\nVoltagem	‎12\r\nEtiqueta Nacional de Eficiência Energética (ENCE)	‎Não Aplicável\r\nPotência em watts	‎3.6 watts\r\nFonte de alimentação	‎Energia elétrica\r\nNúmero de unidades	‎1\r\nPeso do produto	‎700 g\r\nDimensões do produto	‎20 x 20 x 20 cm; 700 g\r\nNúmero do modelo	‎CC-9103\r\nFunciona a bateria ou pilha?	‎Não\r\nEAN	‎6950376704733','Hardware',1722,'cooler_reddragon.png','Poder Aéreo para seus Jogos Intensos'),(32,'Teclado rbg redrago','Layout compacto 60% para os gamers que procuram deixar o máximo de espaço possível sobre a mesa.\r\nIluminação RGB Redragon Chroma Mk.II individual por tecla trazendo mais brilho para seu setup.\r\nCabo USB Tipo C removível para maior praticidade durante o transporte.\r\nKeycaps coloridas doubleshot feitas especialmente para o mercado brasileiro com o layout ABNT2.\r\nConteúdo da embalagem:\r\nTeclado Gamer 60% Redragon Fizz RGB Sakura Lollipop - K617-RGB-WP (BLUE)\r\nCabo USB Removível\r\nFerramenta para Remover Switch\r\nFerramenta para Remover Keycap\r\n5 Switchs Outemu Blue MK.II Adicionais\r\n\r\nGarantia: contra vícios ou defeitos de fabricação.\r\n',229.99,'Modelo: K617-RGB-PW\r\nAcionamento: mecânico\r\nHotswap DIY: sim\r\nCores predominantes: rosa e branco\r\nFormato: 60%\r\nDesign: carcaça alta\r\nLayout: ABNT2\r\nConectividade: USB 2.0 Tipo C\r\nAltura ajustável: sim\r\nMateriais do case: plástico ABS\r\nIluminação: RGB Redragon Chroma Mk.II\r\nRollover: N-Key Rollover\r\nComprimento do cabo: 1.8 m\r\nKeycaps: ABS doubleshot','Acessórios',721,'teclado.png','Digitação responsiva e personalizável.'),(33,'AMD Ryzen 9 5900X','Processador AMD Ryzen 9 5900X\r\n \r\n\r\nO melhor processador de jogos do mundo, com 12 núcleos para alimentar jogos, streaming e muito mais. Imbatível no jogo Obtenha o desempenho de jogos de alta velocidade do melhor processador de desktop do mundo.\r\n\r\n \r\n\r\n \r\n\r\nAMD Ryzen para criadores\r\nCodifique mais rápido. Renderize mais rápido. Repita mais rápido. Crie mais e mais rápido com os processadores AMD Ryzen.\r\n\r\n \r\n\r\nAMD \"Zen 3\" Core Architecture\r\nOs núcleos mais rápidos do mundo para jogadores de PC Tecnologia AMD StoreMI É um jeito rápido e fácil de expandir e acelerar o armazenamento nos PCs com um processador AMD Ryzen.\r\n\r\n \r\n\r\nUtilitário AMD Ryzen Master\r\nO utilitário de overclocking simples e potente para os processadores AMD Ryzen.\r\n\r\n \r\n\r\nAMD Ryzen VR-Ready Premium\r\nPara usuários que querem uma experiência de realidade virtual premium, a AMD oferece os processadores de alto desempenho Ryzen VR-Ready Premium.\r\n\r\n\r\n*Não possui video integrado',2128.99,'- Marca: AMD\r\n\r\n- Modelo: 100-100000061WOF\r\n\r\n \r\n\r\nESPECIFICAÇÕES\r\n\r\n\r\n \r\n\r\nCPU:\r\n\r\n- Núcleos de CPU: 12\r\n\r\n- Threads: 24\r\n\r\n- Clock básico: 3.7GHz\r\n\r\n- Clock de Max Boost: Até 4.8GHz\r\n\r\n- Cachê L2 total: 6MB\r\n\r\n- Cachê L3 total: 64MB\r\n\r\n- Desbloqueado\r\n\r\n- CMOS: TSMC 7nm FinFET\r\n\r\n- Soquete: AM4\r\n\r\n- Versão do PCI Express PCIe 4.0\r\n\r\n- TDP / TDP Padrão: 105W\r\n\r\n \r\n\r\nMemória:\r\n\r\n- Velocidade máxima: 3200MHz\r\n\r\n- Tipo: DDR4\r\n\r\n \r\n\r\nTecnologias compatíveis:\r\n\r\n- Tecnologia AMD StoreMI\r\n\r\n- Utilitário AMD Ryzen Master\r\n\r\n- AMD Ryzen VR-Ready Premium\r\n\r\n \r\n\r\nConteúdo da Embalagem:\r\n\r\n- Processador AMD\r\n\r\n \r\n\r\nNota:\r\n\r\n* Não acompanha cooler.\r\n\r\n\r\nGarantia:\r\n12 meses de garantia\r\n\r\nPeso:\r\n228 gramas (bruto com embalagem)','Hardware',4743,'ryzen_9.png','Desempenho Elevado para Produtividade e Experiência de Jogo Superior.'),(34,'Intel Core i5-10400F','Processador Intel Core i5-10400F Os novos processadores Intel Core da 10ª Geração oferecem atualizações de desempenho incríveis para melhorar a produtividade e proporcionar entretenimento surpreendente, incluindo até 5,3 GHz, Intel® Wi-Fi 6 (Gig) tecnologia Thunderbolt™ 3, HDR 4K, otimização de sistema inteligentes e muito mais. Produtividade acelerada Recursos de desempenho inteligente integrados aprendem e se adaptam ao que você faz, direcionando potência dinamicamente para onde ela é mais necessária. Os processadores Intel® Core™ da 10ª Geração com memória Intel® Optane™ fornecem a responsividade para fazer mais. A melhor conectividade da categoria Com Intel® Wi-Fi 6 (Gig+), conexão Ethernet Intel® I225 e tecnologia Thunderbolt™ 3 integrados, os processadores Intel® Core™ da 10ª Geração oferecem conectividade cabeada e sem fio rápida, garantida e versátil. Entretenimento premium Uma nova arquitetura de gráficos oferece suporte a experiências visuais ultravívidas, como vídeo em HDR 4K e jogos a 1080p. Os processadores Intel® Core™ da 10 ª Geração com gráficos Intel® Iris® Plus permitem experiências de entretenimento nunca vistas. Jogos sérios (serious gaming) Aproveite jogos incríveis com alto FPS, até mesmo enquanto realiza streaming e gravação com até 5,3 GHz. Turbo e aceleração da memória Intel® Optane™. Em casa ou em qualquer lugar, processadores Intel® Core™ da 10ª Geração capazes de overclocking rodam as plataformas definitivas de jogos em notebooks e desktops. Garanta já o seu processador Intel Core i5-10400F',598.99,'- Marca: Intel\r\n\r\n- Modelo: BX8070110400F\r\n\r\n \r\n\r\nEspecificações:\r\n\r\n- Litografia: 14 nm\r\n\r\n- Soquetes suportados: FCLGA1200\r\n\r\n- Configuração máxima da CPU: 1\r\n\r\n- Especificação de solução térmica: PCG 2015C \r\n\r\n \r\n\r\nAtuação:\r\n\r\n- Núcleos: 6\r\n\r\n- Threads: 12\r\n\r\n- Frequência: Baseada em processador 2.90 GHz\r\n\r\n- Frequência turbo máxima: 4,30 GHz\r\n\r\n- Cache: 12 MB Intel Smart Cache\r\n\r\n- Velocidade do barramento: 8 GT / s\r\n\r\n- TDP: 65 W\r\n\r\n \r\n\r\nMemória:\r\n\r\n- Tamanho máximo de memória (dependendo do tipo de memória): 128GB\r\n\r\n- Tipos de Memória: DDR4-2666\r\n\r\n- Número máximo de canais de memória: 2\r\n\r\n- Largura de banda máxima da memória: 41,6 GB / s\r\n\r\n \r\n\r\nOpções de expansão:\r\n\r\n- Escalabilidade: 1S Only\r\n\r\n- Revisão do PCI Express: 3.0\r\n\r\n- Configurações PCI Express: Até 1x16, 2x8, 1x8 + 2x4\r\n\r\n- Nº máximo de pistas PCI Express: 16 \r\n\r\n \r\n\r\nTecnologias avançadas:\r\n\r\n- Memória Intel Optane suportada\r\n\r\n- Tecnologia Intel Turbo Boost: 2.0\r\n\r\n- Tecnologia Intel Hyper-Threading\r\n\r\n- Tecnologia de virtualização Intel® (VT-x)\r\n\r\n- Tecnologia de virtualização Intel para E/S direcionada (VT-d)\r\n\r\n- Intel VT-x com tabelas de páginas estendidas (EPT) \r\n\r\n- Intel 64 \r\n\r\n- Conjunto de instruções: 64 bits\r\n\r\n- Extensões do conjunto de instruções: Intel SSE4.1, Intel SSE4.2, Intel AVX2\r\n\r\n- Tecnologia Intel SpeedStep aprimorada\r\n\r\n- Tecnologias de monitoramento térmico\r\n\r\n- Tecnologia de proteção de identidade Intel\r\n\r\n \r\n\r\nConteúdo da embalagem:\r\n- Processador Intel Core i5-10400F\r\n\r\n\r\nGarantia:\r\n36 meses de garantia\r\n\r\nPeso:\r\n230 gramas (bruto com embalagem)','Hardware',157843,'intel_i5.png','O Poder Absoluto em Processamento, Sem Compromissos.'),(35,'Valve Steam Deck 256GB','Com seu console Steam Deck você terá entretenimento garantido todos os dias. Sua tecnologia foi criada para colocar novos desafios para jogadores novatos e especialistas.Adaptado às suas necessidadesSalve as suas aplicações, fotos, vídeos e muito mais no disco rígido, que tem uma capacidade de 64GB.Por ter um processador de 4 núcleos e um gráfico, fornecem uma experiência dinâmica, respostas ágeis e transições suaves de imagens de alta definição.Você poderá reproduzir música, assistir seus filmes e séries favoritos através dos aplicativos para download.',3999.99,'Unidade de processamento acelerado (APU) da AMDProcessador principal (CPU): arquitetura Zen 2, 4 núcleos e 8 threads, frequência de 2,4 a 3,5GHz (até 448 GFlops FP32)Processador gráfico (GPU): 8 unidades de computação de arquitetura RDNA 2, frequência de 1,0 a 1,6GHz (até 1,6 TFlops FP32)Consumo energético da APU: 4 a 15 WRAM16 GB de RAM LPDDR5 integrada (quatro canais de 32 bits, 5.500 MT/s)ArmazenamentoeMMC de 64 GB (PCIe Gen 2 x1)SSD NVMe de 64 GB (PCIe Gen 3 x4 ou PCIe Gen 3 x2*)Todos os modelos usam módulos para soquetes m.2 2230 (não projetados para substituição pelo usuário)Todos os modelos incluem uma entrada de cartão microSD de alta velocidadeBotões e interaçãoControles tradicionaisBotões A B X YDirecionalGatilhos analógicos L e RBotões superiores L e RBotões Visão e MenuQuatro botões traseiros configuráveisAlavancasDuas alavancas analógicas de tamanho padrão sensíveis ao toqueResposta tátilResposta tátil de alta definiçãoTrackpads2 trackpads de 32,5 mm de lado com resposta tátilLatência 55% menor em comparação ao Controle SteamSensibilidade a pressão para configurar a força do cliqueGiroscópioUnidade de medição inercial de seis eixosTelaResolução1280 x 800 px (formato 16:10)TipoLCD IPS com \"optical bonding\" para melhor legibilidadeTamanho da tela7 polegadas na diagonalBrilho400 cd/m2 (valor normal)Taxa de atualização60 HzSensível ao toqueSimSensoresSensor de luz ambienteConectividadeBluetoothBluetooth 5.0 (compatível com controles, acessórios e áudio)Wi-FiRádio Wi-Fi de banda dupla (2,4GHz e 5 GHz), MIMO 2 x 2, IEEE 802.11a/b/g/n/acÁudioCanaisEstéreo, com DSP integrado para uma experiência auditiva imersivaMicrofonesMicrofone duploEntrada para fones de ouvido e microfoneEntrada de 3,5 mm para fones de ouvido e headsets estéreoDigitalÁudio multicanal via DisplayPort por USB-C, USB-C padrão ou Bluetooth 5.0AlimentaçãoEntradaFonte de 45W com saída USB-C e compatível com padrão USB PD 3.0BateriaBateria de 40 Wh. Entre duas a oito horas de jogoExpansãomicroSDUHS-I compatível com SD, SDXC e SDHCConectividade externa paracontroles e telasUSB-C compatível com modo alternativo DisplayPort 1.4 para telas 8K a 60Hz ou 4K a 120Hz, USB 3.2 Gen 2Tamanho e pesoTamanho (L x A x P)298 mm x 117 mm x 49 mmPesoAprox. 669 gramasSoftwareSistema operacionalSteamOS 3.0 (baseado no Arch Linux)Área de trabalhoKDE PlasmaFrete,O produto assim que aprovado sai do estoque no mesmo dia, depois é coletado pela transportadora seguindo de forma rápida e trazendo mais segurança e agilidade na sua entrega.','Dispositivos',5445,'steam.png','Um console portátil para jogos, sua steam em qualquer lugar.'),(36,'Intel Core i7-10700F','Os novos processadores Intel Core da 10ª Geração oferecem atualizações de desempenho incríveis para melhorar a produtividade e proporcionar entretenimento surpreendente, incluindo até 5,3 GHz, Intel Wi-Fi 6 (Gig) tecnologia Thunderbolt 3, HDR 4K, otimização de sistema inteligentes e muito mais.\r\n\r\n \r\n\r\nProdutividade acelerada\r\nRecursos de desempenho inteligente integrados aprendem e se adaptam ao que você faz, direcionando potência dinamicamente para onde ela é mais necessária. Os processadores Intel Core da 10ª Geração com memória Intel Optane fornecem a responsividade para fazer mais.\r\n\r\n \r\n\r\n \r\n\r\nA melhor conectividade da categoria\r\nCom Intel Wi-Fi 6 (Gig+), conexão Ethernet Intel I225 e tecnologia Thunderbolt 3 integrados, os processadores Intel Core da 10ª Geração oferecem conectividade cabeada e sem fio rápida, garantida e versátil.\r\n\r\n \r\n\r\nEntretenimento Premium\r\nUma nova arquitetura de gráficos oferece suporte a experiências visuais ultravívidas, como vídeo em HDR 4K e jogos a 1080p. Os processadores Intel Core da 10 ª Geração com gráficos Intel Iris Plus permitem experiências de entretenimento nunca vistas. Jogos sérios (serious gaming) Aproveite jogos incríveis com alto FPS, até mesmo enquanto realiza streaming e gravação com até 5,3 GHz. Turbo e aceleração da memória Intel Optane. Em casa ou em qualquer lugar, processadores Intel Core da 10ª Geração capazes de overclocking rodam as plataformas definitivas de jogos em notebooks e desktops.',1149.99,'- Marca: Intel\r\n\r\n- Modelo: BX8070110700F\r\n\r\n \r\n\r\nEspecificações:\r\n\r\n- Litografia: 14 nm\r\n\r\n- Soquetes suportados: FCLGA1200\r\n\r\n- Configuração máxima da CPU: 1\r\n\r\n- Especificação de solução térmica: PCG 2015C\r\n\r\n \r\n\r\nAtuação:\r\n\r\n- Número de Núcleos: 8\r\n\r\n- Número de Tópicos: 16\r\n\r\n- Frequência: Baseada em processador 2.90 GHz\r\n\r\n- Frequência turbo máxima: 4,80 GHz\r\n\r\n- Cache: 16 MB Intel Smart Cache\r\n\r\n- Velocidade do barramento: 8 GT / s\r\n\r\n- Tecnologia Intel® Turbo Boost Max 3.0 Frequência: 4,80 GHz \r\n\r\n- TDP: 65W\r\n\r\n \r\n\r\nMemória:\r\n\r\n- Tamanho máximo de memória (dependendo do tipo de memória): 128GB\r\n\r\n- Tipos de Memória: DDR4-2933\r\n\r\n- Número máximo de canais de memória: 2\r\n\r\n- Largura de banda máxima da memória: 45,8 GB / s\r\n\r\n \r\n\r\nOpções de expansão:\r\n\r\n- Escalabilidade: 1S Only\r\n\r\n- Revisão do PCI Express: 3.0\r\n\r\n- Configurações PCI Express: Até 1x16, 2x8, 1x8 + 2x4\r\n\r\n- Nº máximo de pistas PCI Express: 16 \r\n\r\n \r\n\r\nTecnologias avançadas:\r\n\r\n- Memória Intel Optane suportada\r\n\r\n- Tecnologia Intel Turbo Boost: 2.0\r\n\r\n- Tecnologia Intel Hyper-Threading\r\n\r\n- Tecnologia de virtualização Intel® (VT-x)\r\n\r\n- Tecnologia de virtualização Intel para E/S direcionada (VT-d)\r\n\r\n- Intel VT-x com tabelas de páginas estendidas (EPT) \r\n\r\n- Intel 64 \r\n\r\n- Conjunto de instruções: 64 bits\r\n\r\n- Extensões do conjunto de instruções: Intel SSE4.1, Intel SSE4.2, Intel AVX2\r\n\r\n- Tecnologia Intel SpeedStep aprimorada\r\n\r\n- Tecnologias de monitoramento térmico\r\n\r\n- Tecnologia de proteção de identidade Intel\r\n\r\n\r\n\r\nConteúdo da embalagem:\r\n- Processador Intel Core i7-10700F\r\n\r\n\r\nGarantia:\r\n12 meses de garantia\r\n\r\nPeso:\r\n310 gramas (bruto com embalagem)','Hardware',272727,'intel_i7.png','Potência Equilibrada para Tarefas Multitarefa Eficientes.');
/*!40000 ALTER TABLE `produtos` ENABLE KEYS */;
UNLOCK TABLES;

--
-- Table structure for table `usuarios`
--

DROP TABLE IF EXISTS `usuarios`;
/*!40101 SET @saved_cs_client     = @@character_set_client */;
/*!50503 SET character_set_client = utf8mb4 */;
CREATE TABLE `usuarios` (
  `id` int NOT NULL AUTO_INCREMENT,
  `cpf` char(11) DEFAULT NULL,
  `ddd` char(3) DEFAULT NULL,
  `telefone` char(9) DEFAULT NULL,
  `nome` varchar(100) NOT NULL,
  `nomeCompleto` varchar(100) DEFAULT NULL,
  `apelido` varchar(100) DEFAULT NULL,
  `email` varchar(255) NOT NULL,
  `senha` varchar(255) NOT NULL,
  PRIMARY KEY (`id`)
) ENGINE=InnoDB AUTO_INCREMENT=63 DEFAULT CHARSET=utf8mb4 COLLATE=utf8mb4_0900_ai_ci;
/*!40101 SET character_set_client = @saved_cs_client */;

--
-- Dumping data for table `usuarios`
--

LOCK TABLES `usuarios` WRITE;
/*!40000 ALTER TABLE `usuarios` DISABLE KEYS */;
INSERT INTO `usuarios` VALUES (54,'1',NULL,NULL,'Ashley Rayssa Gomes',NULL,NULL,'ashzinha@gmail.com','$2b$10$JiXmEY3a3i8pUB8ts/Aow.v8oFuVMS28fDfeeqe3x3b7lwwR53aci'),(55,'12473932914','41','997950185','Alisson Cordeiro','Alisson Luis Cordeiro de Arruda','Lala','alisoncracas2@gmail.com','$2b$10$bEbEAOOtKc/xO/aU92pkVOo6MclfoEtjpbWg6wCfMZRo60xjlDKou'),(56,NULL,NULL,NULL,'Alisson Cordeiro',NULL,NULL,'alisoncracas2@gmail.com','$2b$10$9xNVIxut6FoBfkoBmxKSxuh3t/BSNDMqeydENDDCnGmglmW6OgTt.'),(57,'14548625896','41','997955254','Rodrigo Machado','Rodrigo Machado Da Silva',NULL,'rodrigo2231@gmail.com','$2b$10$DWk283XY9mYNH2BVeCXvXutB6ml7WLeTxR/u9CQ46UOeg0Kjm5uiG'),(58,'11350945608','41','995389282','Ashley','Ashley Raissa Gomes dos Santos',NULL,'ashley.santos1808@gmail.com','$2b$10$3biIXCE90tEfS0fzrfu8W.XtzOkHfTTmtn6L5Q1nJF5L39kXB1yOW'),(59,NULL,NULL,NULL,'Ashley',NULL,NULL,'ashley.santos1808@gmail.com','$2b$10$dUcv1wNmFuTn/iNS6n6S1exit.teXyL5Dm07t6wu9KSFazbh4iMlO'),(60,'15468796453','41','659845132','Ashley Rayssa','Ash',NULL,'ashTeste@gmail.com','$2b$10$4XI1jQv6krOo7GNXYuq0F.kDbdKFNZXbUkA9OlEa/niwOfcptxKJC'),(61,'12473932914','41','997950185','Alisson','Alisson Luis Cordeiro','Lala','alisoncracas4@gmail.com','$2b$10$PIO508HkKP3Y2P1lRAekJOcj8tRGZN3yW1/bIXtkUyrMQIW5AS6UO'),(62,NULL,NULL,NULL,'easdfh,nk',NULL,NULL,'hdashd@gmail.com','$2b$10$dMpWlkC6jXvGbNsCEsvAQuXA0lpPSQCg9fHdqKCnoCMtakNKx8hUG');
/*!40000 ALTER TABLE `usuarios` ENABLE KEYS */;
UNLOCK TABLES;
/*!40103 SET TIME_ZONE=@OLD_TIME_ZONE */;

/*!40101 SET SQL_MODE=@OLD_SQL_MODE */;
/*!40014 SET FOREIGN_KEY_CHECKS=@OLD_FOREIGN_KEY_CHECKS */;
/*!40014 SET UNIQUE_CHECKS=@OLD_UNIQUE_CHECKS */;
/*!40101 SET CHARACTER_SET_CLIENT=@OLD_CHARACTER_SET_CLIENT */;
/*!40101 SET CHARACTER_SET_RESULTS=@OLD_CHARACTER_SET_RESULTS */;
/*!40101 SET COLLATION_CONNECTION=@OLD_COLLATION_CONNECTION */;
/*!40111 SET SQL_NOTES=@OLD_SQL_NOTES */;

-- Dump completed on 2025-02-21 16:18:30
